[{"model": "core.animal", "pk": 1, "fields": {"name": "dino", "description": "Dinos are from an ancient era and will make a unique and engaging pet!"}}, {"model": "core.animal", "pk": 2, "fields": {"name": "lizard", "description": "Loyal but timid, a lizard will make an excellent pet if you want cool, but quiet!"}}, {"model": "core.animal", "pk": 3, "fields": {"name": "monkey", "description": "Choosing a monkey will mean a companion for life, but don't try to be their owner! Having a monkey is a partnership."}}, {"model": "core.animal", "pk": 4, "fields": {"name": "mouse", "description": "Mice are playful and exciting! Scampering around and chasing them will become a part of your daily routine."}}, {"model": "core.animal", "pk": 5, "fields": {"name": "tapir", "description": "Tapirs are a sort of unusual pet. They will love you, but keep an eye out around them! They tend to be troublesome!"}}, {"model": "shop.category", "pk": 1, "fields": {"name": "fruit"}}, {"model": "shop.category", "pk": 2, "fields": {"name": "vegetable"}}, {"model": "shop.category", "pk": 3, "fields": {"name": "book"}}, {"model": "shop.category", "pk": 4, "fields": {"name": "organic food"}}, {"model": "shop.category", "pk": 5, "fields": {"name": "medicine"}}, {"model": "shop.category", "pk": 6, "fields": {"name": "herbal"}}, {"model": "shop.category", "pk": 7, "fields": {"name": "potion"}}, {"model": "shop.category", "pk": 8, "fields": {"name": "color potion"}}, {"model": "shop.category", "pk": 9, "fields": {"name": "morph potion"}}, {"model": "shop.category", "pk": 10, "fields": {"name": "plush"}}, {"model": "shop.category", "pk": 11, "fields": {"name": "stat potion"}}, {"model": "shop.category", "pk": 12, "fields": {"name": "junk food"}}, {"model": "shop.item", "pk": 1, "fields": {"name": "Catch-44 by Joe Hecker", "url": "catch-44-by-joe-hecker", "description": "TBA", "category": 3, "second_category": null, "price_class": 5, "rarity": 1, "hunger": 0, "wellness": 0, "happiness": 1, "collectible": false}}, {"model": "shop.item", "pk": 2, "fields": {"name": "Dusk by Tiffany Mayor", "url": "dusk by tiffany mayor", "description": "TBA", "category": 3, "second_category": null, "price_class": 3, "rarity": 1, "hunger": 0, "wellness": 0, "happiness": 1, "collectible": false}}, {"model": "shop.item", "pk": 3, "fields": {"name": "Fifty Shades of Beige by Eel Jame", "url": "fifty-shades-of-beige-by-eel-jame", "description": "TBA", "category": 3, "second_category": null, "price_class": 1, "rarity": 1, "hunger": 0, "wellness": -1, "happiness": 1, "collectible": false}}, {"model": "shop.item", "pk": 4, "fields": {"name": "The Girl on the Subway by Paul Falcons", "url": "the-girl-on-the-subway-by-paul-falcons", "description": "TBA", "category": 3, "second_category": null, "price_class": 6, "rarity": 1, "hunger": 0, "wellness": 0, "happiness": 1, "collectible": false}}, {"model": "shop.item", "pk": 5, "fields": {"name": "To Injure a Mimicbird by Luter Lee", "url": "to-injure-a-mimicbird-by-luter-lee", "description": "TBA", "category": 3, "second_category": null, "price_class": 4, "rarity": 1, "hunger": 0, "wellness": 0, "happiness": 2, "collectible": false}}, {"model": "shop.item", "pk": 6, "fields": {"name": "Apple", "url": "apple", "description": "TBA", "category": 1, "second_category": 4, "price_class": 1, "rarity": 1, "hunger": 1, "wellness": 0, "happiness": 0, "collectible": false}}, {"model": "shop.item", "pk": 7, "fields": {"name": "Grapes", "url": "grapes", "description": "TBA", "category": 1, "second_category": 4, "price_class": 2, "rarity": 2, "hunger": 1, "wellness": 0, "happiness": 0, "collectible": false}}, {"model": "shop.item", "pk": 8, "fields": {"name": "Lemon", "url": "lemon", "description": "TBA", "category": 1, "second_category": 4, "price_class": 3, "rarity": 2, "hunger": 1, "wellness": 0, "happiness": -1, "collectible": false}}, {"model": "shop.item", "pk": 9, "fields": {"name": "Orange", "url": "orange", "description": "TBA", "category": 1, "second_category": 4, "price_class": 1, "rarity": 1, "hunger": 1, "wellness": 0, "happiness": 0, "collectible": false}}, {"model": "shop.item", "pk": 10, "fields": {"name": "Strawberry", "url": "strawberry", "description": "TBA", "category": 1, "second_category": 4, "price_class": 2, "rarity": 1, "hunger": 1, "wellness": 0, "happiness": 0, "collectible": false}}, {"model": "shop.item", "pk": 11, "fields": {"name": "Broccoli", "url": "broccoli", "description": "TBA", "category": 2, "second_category": 4, "price_class": 1, "rarity": 1, "hunger": 2, "wellness": 0, "happiness": -1, "collectible": false}}, {"model": "shop.item", "pk": 12, "fields": {"name": "Carrot", "url": "carrot", "description": "TBA", "category": 2, "second_category": 4, "price_class": 2, "rarity": 1, "hunger": 1, "wellness": 0, "happiness": 0, "collectible": false}}, {"model": "shop.item", "pk": 13, "fields": {"name": "Pepper", "url": "pepper", "description": "TBA", "category": 2, "second_category": 4, "price_class": 3, "rarity": 2, "hunger": 1, "wellness": 0, "happiness": -1, "collectible": false}}, {"model": "shop.item", "pk": 14, "fields": {"name": "Turnip", "url": "turnip", "description": "TBA", "category": 2, "second_category": 4, "price_class": 3, "rarity": 1, "hunger": 1, "wellness": 0, "happiness": -1, "collectible": false}}, {"model": "shop.item", "pk": 15, "fields": {"name": "Cabbage", "url": "cabbage", "description": "TBA", "category": 2, "second_category": 4, "price_class": 1, "rarity": 1, "hunger": 1, "wellness": 0, "happiness": 0, "collectible": false}}, {"model": "shop.item", "pk": 16, "fields": {"name": "Warm Compress", "url": "compress", "description": "TBA", "category": 6, "second_category": 5, "price_class": 2, "rarity": 1, "hunger": 0, "wellness": 10, "happiness": 0, "collectible": false}}, {"model": "shop.item", "pk": 17, "fields": {"name": "Fish Oil Pills", "url": "fish-oil", "description": "TBA", "category": 6, "second_category": 5, "price_class": 2, "rarity": 2, "hunger": 0, "wellness": 10, "happiness": 0, "collectible": false}}, {"model": "shop.item", "pk": 18, "fields": {"name": "Herbal Tea", "url": "herbal-tea", "description": "TBA", "category": 6, "second_category": 5, "price_class": 1, "rarity": 2, "hunger": 0, "wellness": 10, "happiness": 0, "collectible": false}}, {"model": "shop.item", "pk": 19, "fields": {"name": "Oatmeal Bath", "url": "oatmeal", "description": "TBA", "category": 6, "second_category": 5, "price_class": 2, "rarity": 1, "hunger": 0, "wellness": 10, "happiness": 0, "collectible": false}}, {"model": "shop.item", "pk": 20, "fields": {"name": "Spoonful of Sugar", "url": "spoonful", "description": "TBA", "category": 6, "second_category": 5, "price_class": 1, "rarity": 1, "hunger": 0, "wellness": 0, "happiness": 0, "collectible": false}}, {"model": "shop.item", "pk": 21, "fields": {"name": "Red Potion", "url": "red", "description": "TBA", "category": 7, "second_category": 8, "price_class": 8, "rarity": 1, "hunger": 0, "wellness": 0, "happiness": 0, "collectible": false}}, {"model": "shop.item", "pk": 22, "fields": {"name": "Green Potion", "url": "green", "description": "tba", "category": 7, "second_category": 8, "price_class": 8, "rarity": 1, "hunger": 0, "wellness": 0, "happiness": 0, "collectible": false}}, {"model": "shop.item", "pk": 23, "fields": {"name": "Yellow Potion", "url": "yellow", "description": "TBA", "category": 7, "second_category": 8, "price_class": 8, "rarity": 1, "hunger": 0, "wellness": 0, "happiness": 0, "collectible": false}}, {"model": "shop.item", "pk": 24, "fields": {"name": "Blue Potion", "url": "blue", "description": "TBA", "category": 7, "second_category": 8, "price_class": 8, "rarity": 1, "hunger": 0, "wellness": 0, "happiness": 0, "collectible": false}}, {"model": "shop.item", "pk": 25, "fields": {"name": "Black Potion", "url": "black", "description": "TBA", "category": 7, "second_category": 8, "price_class": 8, "rarity": 1, "hunger": 0, "wellness": 0, "happiness": 0, "collectible": false}}, {"model": "shop.item", "pk": 26, "fields": {"name": "Mouse Potion", "url": "mouse", "description": "TBA", "category": 7, "second_category": 9, "price_class": 9, "rarity": 1, "hunger": 0, "wellness": 0, "happiness": 0, "collectible": false}}, {"model": "shop.item", "pk": 27, "fields": {"name": "Tapir Potion", "url": "tapir", "description": "TBA", "category": 7, "second_category": 9, "price_class": 9, "rarity": 1, "hunger": 0, "wellness": 0, "happiness": 0, "collectible": false}}, {"model": "shop.item", "pk": 28, "fields": {"name": "Lizard Potion", "url": "lizard", "description": "TBA", "category": 7, "second_category": 9, "price_class": 9, "rarity": 1, "hunger": 0, "wellness": 0, "happiness": 0, "collectible": false}}, {"model": "shop.item", "pk": 29, "fields": {"name": "Monkey Potion", "url": "monkey", "description": "TBA", "category": 7, "second_category": 9, "price_class": 9, "rarity": 1, "hunger": 0, "wellness": 0, "happiness": 0, "collectible": false}}, {"model": "shop.item", "pk": 30, "fields": {"name": "Dino Potion", "url": "dino", "description": "TBA", "category": 7, "second_category": 9, "price_class": 9, "rarity": 1, "hunger": 0, "wellness": 0, "happiness": 0, "collectible": false}}, {"model": "shop.item", "pk": 31, "fields": {"name": "Cloud Potion", "url": "cloud", "description": "TBA", "category": 7, "second_category": 8, "price_class": 10, "rarity": 1, "hunger": 0, "wellness": 0, "happiness": 0, "collectible": false}}, {"model": "shop.item", "pk": 32, "fields": {"name": "Tiger Potion", "url": "tiger", "description": "TBA", "category": 7, "second_category": 8, "price_class": 10, "rarity": 1, "hunger": 0, "wellness": 0, "happiness": 0, "collectible": false}}, {"model": "shop.item", "pk": 33, "fields": {"name": "Sea Potion", "url": "sea", "description": "TBA", "category": 7, "second_category": 8, "price_class": 10, "rarity": 1, "hunger": 0, "wellness": 0, "happiness": 0, "collectible": false}}, {"model": "shop.item", "pk": 34, "fields": {"name": "Glitter Potion", "url": "glitter", "description": "TBA", "category": 7, "second_category": 8, "price_class": 10, "rarity": 1, "hunger": 0, "wellness": 0, "happiness": 0, "collectible": false}}, {"model": "shop.item", "pk": 35, "fields": {"name": "Gingham Potion", "url": "gingham", "description": "TBA", "category": 7, "second_category": 8, "price_class": 10, "rarity": 1, "hunger": 0, "wellness": 0, "happiness": 0, "collectible": false}}, {"model": "shop.item", "pk": 36, "fields": {"name": "Black Mouse Plush", "url": "black-mouse-plush", "description": "TBA", "category": 10, "second_category": null, "price_class": 2, "rarity": 1, "hunger": 0, "wellness": 0, "happiness": 1, "collectible": true}}, {"model": "shop.item", "pk": 37, "fields": {"name": "Blue Mouse Plush", "url": "blue-mouse-plush", "description": "TBA", "category": 10, "second_category": null, "price_class": 2, "rarity": 1, "hunger": 0, "wellness": 0, "happiness": 1, "collectible": true}}, {"model": "shop.item", "pk": 38, "fields": {"name": "Cloud Mouse Plush", "url": "cloud-mouse-plush", "description": "TBA", "category": 10, "second_category": null, "price_class": 3, "rarity": 2, "hunger": 0, "wellness": 0, "happiness": 1, "collectible": true}}, {"model": "shop.item", "pk": 39, "fields": {"name": "Gingham Mouse Plush", "url": "gingham-mouse-plush", "description": "TBA", "category": 10, "second_category": null, "price_class": 3, "rarity": 2, "hunger": 0, "wellness": 0, "happiness": 1, "collectible": true}}, {"model": "shop.item", "pk": 40, "fields": {"name": "Glitter Mouse Plush", "url": "glitter-mouse-plush", "description": "TBA", "category": 10, "second_category": null, "price_class": 3, "rarity": 2, "hunger": 0, "wellness": 0, "happiness": 1, "collectible": true}}, {"model": "shop.item", "pk": 41, "fields": {"name": "Green Mouse Plush", "url": "green-mouse-plush", "description": "TBA", "category": 10, "second_category": null, "price_class": 2, "rarity": 1, "hunger": 0, "wellness": 0, "happiness": 1, "collectible": true}}, {"model": "shop.item", "pk": 42, "fields": {"name": "Red Mouse Plush", "url": "red-mouse-plush", "description": "TBA", "category": 10, "second_category": null, "price_class": 2, "rarity": 1, "hunger": 0, "wellness": 0, "happiness": 1, "collectible": true}}, {"model": "shop.item", "pk": 43, "fields": {"name": "Sea Mouse Plush", "url": "sea-mouse-plush", "description": "TBA", "category": 10, "second_category": null, "price_class": 3, "rarity": 2, "hunger": 0, "wellness": 0, "happiness": 1, "collectible": true}}, {"model": "shop.item", "pk": 44, "fields": {"name": "Tiger Mouse Plush", "url": "tiger-mouse-plush", "description": "TBA", "category": 10, "second_category": null, "price_class": 3, "rarity": 2, "hunger": 0, "wellness": 0, "happiness": 1, "collectible": true}}, {"model": "shop.item", "pk": 45, "fields": {"name": "Yellow Mouse Plush", "url": "yellow-mouse-plush", "description": "TBA", "category": 10, "second_category": null, "price_class": 2, "rarity": 1, "hunger": 0, "wellness": 0, "happiness": 1, "collectible": true}}, {"model": "shop.item", "pk": 46, "fields": {"name": "Black Dino Plush", "url": "black-dino-plush", "description": "TBA", "category": 10, "second_category": null, "price_class": 2, "rarity": 1, "hunger": 0, "wellness": 0, "happiness": 1, "collectible": true}}, {"model": "shop.item", "pk": 47, "fields": {"name": "Blue Dino Plush", "url": "blue-dino-plush", "description": "TBA", "category": 10, "second_category": null, "price_class": 2, "rarity": 1, "hunger": 0, "wellness": 0, "happiness": 1, "collectible": true}}, {"model": "shop.item", "pk": 48, "fields": {"name": "Cloud Dino Plush", "url": "cloud-dino-plush", "description": "TBA", "category": 10, "second_category": null, "price_class": 3, "rarity": 2, "hunger": 0, "wellness": 0, "happiness": 1, "collectible": true}}, {"model": "shop.item", "pk": 49, "fields": {"name": "Gingham Dino Plush", "url": "gingham-dino-plush", "description": "TBA", "category": 10, "second_category": null, "price_class": 3, "rarity": 2, "hunger": 0, "wellness": 0, "happiness": 1, "collectible": true}}, {"model": "shop.item", "pk": 50, "fields": {"name": "Glitter Dino Plush", "url": "glitter-dino-plush", "description": "TBA", "category": 10, "second_category": null, "price_class": 3, "rarity": 2, "hunger": 0, "wellness": 0, "happiness": 1, "collectible": true}}, {"model": "shop.item", "pk": 51, "fields": {"name": "Green Dino Plush", "url": "green-dino-plush", "description": "TBA", "category": 10, "second_category": null, "price_class": 2, "rarity": 1, "hunger": 0, "wellness": 0, "happiness": 1, "collectible": true}}, {"model": "shop.item", "pk": 52, "fields": {"name": "Red Dino Plush", "url": "red-dino-plush", "description": "TBA", "category": 10, "second_category": null, "price_class": 2, "rarity": 1, "hunger": 0, "wellness": 0, "happiness": 1, "collectible": true}}, {"model": "shop.item", "pk": 53, "fields": {"name": "Sea Dino Plush", "url": "sea-dino-plush", "description": "TBA", "category": 10, "second_category": null, "price_class": 3, "rarity": 2, "hunger": 0, "wellness": 0, "happiness": 1, "collectible": true}}, {"model": "shop.item", "pk": 54, "fields": {"name": "Tiger Dino Plush", "url": "tiger-dino-plush", "description": "TBA", "category": 10, "second_category": null, "price_class": 3, "rarity": 2, "hunger": 0, "wellness": 0, "happiness": 1, "collectible": true}}, {"model": "shop.item", "pk": 55, "fields": {"name": "Yellow Dino Plush", "url": "yellow-dino-plush", "description": "TBA", "category": 10, "second_category": null, "price_class": 2, "rarity": 1, "hunger": 0, "wellness": 0, "happiness": 1, "collectible": true}}, {"model": "shop.item", "pk": 56, "fields": {"name": "Black Tapir Plush", "url": "black-tapir-plush", "description": "TBA", "category": 10, "second_category": null, "price_class": 2, "rarity": 1, "hunger": 0, "wellness": 0, "happiness": 1, "collectible": true}}, {"model": "shop.item", "pk": 57, "fields": {"name": "Blue Tapir Plush", "url": "blue-tapir-plush", "description": "TBA", "category": 10, "second_category": null, "price_class": 2, "rarity": 1, "hunger": 0, "wellness": 0, "happiness": 1, "collectible": true}}, {"model": "shop.item", "pk": 58, "fields": {"name": "Cloud Tapir Plush", "url": "cloud-tapir-plush", "description": "TBA", "category": 10, "second_category": null, "price_class": 3, "rarity": 2, "hunger": 0, "wellness": 0, "happiness": 1, "collectible": false}}, {"model": "shop.item", "pk": 59, "fields": {"name": "Gingham Tapir Plush", "url": "gingham-tapir-plush", "description": "TBA", "category": 10, "second_category": null, "price_class": 3, "rarity": 2, "hunger": 0, "wellness": 0, "happiness": 1, "collectible": true}}, {"model": "shop.item", "pk": 60, "fields": {"name": "Glitter Tapir Plush", "url": "glitter-tapir-plush", "description": "TBA", "category": 10, "second_category": null, "price_class": 3, "rarity": 2, "hunger": 0, "wellness": 0, "happiness": 1, "collectible": true}}, {"model": "shop.item", "pk": 61, "fields": {"name": "Green Tapir Plush", "url": "green-tapir-plush", "description": "TBA", "category": 10, "second_category": null, "price_class": 2, "rarity": 1, "hunger": 0, "wellness": 0, "happiness": 1, "collectible": true}}, {"model": "shop.item", "pk": 62, "fields": {"name": "Red Tapir Plush", "url": "red-tapir-plush", "description": "TBA", "category": 10, "second_category": null, "price_class": 2, "rarity": 1, "hunger": 0, "wellness": 0, "happiness": 1, "collectible": true}}, {"model": "shop.item", "pk": 63, "fields": {"name": "Sea Tapir Plush", "url": "sea-tapir-plush", "description": "TBA", "category": 10, "second_category": null, "price_class": 3, "rarity": 2, "hunger": 0, "wellness": 0, "happiness": 1, "collectible": true}}, {"model": "shop.item", "pk": 64, "fields": {"name": "Tiger Tapir Plush", "url": "tiger-tapir-plush", "description": "TBA", "category": 10, "second_category": null, "price_class": 3, "rarity": 2, "hunger": 0, "wellness": 0, "happiness": 1, "collectible": true}}, {"model": "shop.item", "pk": 65, "fields": {"name": "Yellow Tapir Plush", "url": "yellow-tapir-plush", "description": "TBA", "category": 10, "second_category": null, "price_class": 2, "rarity": 1, "hunger": 0, "wellness": 0, "happiness": 1, "collectible": true}}, {"model": "shop.item", "pk": 66, "fields": {"name": "Black Lizard Plush", "url": "black-lizard-plush", "description": "TBA", "category": 10, "second_category": null, "price_class": 2, "rarity": 1, "hunger": 0, "wellness": 0, "happiness": 1, "collectible": false}}, {"model": "shop.item", "pk": 67, "fields": {"name": "Blue  Lizard Plush", "url": "blue-lizard-plush", "description": "TBA", "category": 10, "second_category": null, "price_class": 2, "rarity": 1, "hunger": 0, "wellness": 0, "happiness": 1, "collectible": false}}, {"model": "shop.item", "pk": 68, "fields": {"name": "Gingham Lizard Plush", "url": "gingham-lizard-plush", "description": "TBA", "category": 10, "second_category": null, "price_class": 3, "rarity": 2, "hunger": 0, "wellness": 0, "happiness": 1, "collectible": false}}, {"model": "shop.item", "pk": 69, "fields": {"name": "Glitter Lizard Plush", "url": "glitter-lizard-plush", "description": "TBA", "category": 10, "second_category": null, "price_class": 3, "rarity": 2, "hunger": 0, "wellness": 0, "happiness": 1, "collectible": false}}, {"model": "shop.item", "pk": 70, "fields": {"name": "Green Lizard Plush", "url": "green-lizard-plush", "description": "TBA", "category": 10, "second_category": null, "price_class": 2, "rarity": 1, "hunger": 0, "wellness": 0, "happiness": 1, "collectible": false}}, {"model": "shop.item", "pk": 71, "fields": {"name": "Red Lizard Plush", "url": "red-lizard-plush", "description": "TBA", "category": 10, "second_category": null, "price_class": 2, "rarity": 1, "hunger": 0, "wellness": 0, "happiness": 1, "collectible": false}}, {"model": "shop.item", "pk": 72, "fields": {"name": "Sea Lizard Plush", "url": "sea-lizard-plush", "description": "TBA", "category": 10, "second_category": null, "price_class": 3, "rarity": 2, "hunger": 0, "wellness": 0, "happiness": 1, "collectible": false}}, {"model": "shop.item", "pk": 73, "fields": {"name": "Cloud Lizard Plush", "url": "cloud-lizard-plush", "description": "TBA", "category": 10, "second_category": null, "price_class": 3, "rarity": 2, "hunger": 0, "wellness": 0, "happiness": 1, "collectible": false}}, {"model": "shop.item", "pk": 74, "fields": {"name": "Tiger Lizard Plush", "url": "tiger-lizard-plush", "description": "TBA", "category": 10, "second_category": null, "price_class": 3, "rarity": 2, "hunger": 0, "wellness": 0, "happiness": 1, "collectible": false}}, {"model": "shop.item", "pk": 75, "fields": {"name": "Yellow Lizard Plush", "url": "yellow-lizard-plush", "description": "TBA", "category": 10, "second_category": null, "price_class": 2, "rarity": 1, "hunger": 0, "wellness": 0, "happiness": 1, "collectible": false}}, {"model": "shop.item", "pk": 76, "fields": {"name": "Black Monkey Plush", "url": "black-monkey-plush", "description": "TBA", "category": 10, "second_category": null, "price_class": 2, "rarity": 1, "hunger": 0, "wellness": 0, "happiness": 1, "collectible": false}}, {"model": "shop.item", "pk": 77, "fields": {"name": "Blue Monkey Plush", "url": "black-monkey-plush", "description": "TBA", "category": 10, "second_category": null, "price_class": 2, "rarity": 1, "hunger": 0, "wellness": 0, "happiness": 1, "collectible": false}}, {"model": "shop.item", "pk": 78, "fields": {"name": "Cloud Monkey Plush", "url": "cloud-monkey-plush", "description": "TBA", "category": 10, "second_category": null, "price_class": 3, "rarity": 2, "hunger": 0, "wellness": 0, "happiness": 1, "collectible": false}}, {"model": "shop.item", "pk": 79, "fields": {"name": "Gingham Monkey Plush", "url": "gingham-monkey-plush", "description": "TBA", "category": 10, "second_category": null, "price_class": 3, "rarity": 2, "hunger": 0, "wellness": 0, "happiness": 1, "collectible": false}}, {"model": "shop.item", "pk": 80, "fields": {"name": "Glitter Monkey Plush", "url": "glitter-monkey-plush", "description": "TBA", "category": 10, "second_category": null, "price_class": 3, "rarity": 2, "hunger": 0, "wellness": 0, "happiness": 1, "collectible": false}}, {"model": "shop.item", "pk": 81, "fields": {"name": "Green Monkey Plush", "url": "green-monkey-plush", "description": "TBA", "category": 10, "second_category": null, "price_class": 2, "rarity": 1, "hunger": 0, "wellness": 0, "happiness": 1, "collectible": false}}, {"model": "shop.item", "pk": 82, "fields": {"name": "Red Monkey Plush", "url": "red-monkey-plush", "description": "TBA", "category": 10, "second_category": null, "price_class": 2, "rarity": 1, "hunger": 0, "wellness": 0, "happiness": 1, "collectible": false}}, {"model": "shop.item", "pk": 83, "fields": {"name": "Sea Monkey Plush", "url": "sea-monkey-plush", "description": "TBA", "category": 10, "second_category": null, "price_class": 3, "rarity": 2, "hunger": 0, "wellness": 0, "happiness": 1, "collectible": false}}, {"model": "shop.item", "pk": 84, "fields": {"name": "Tiger Monkey Plush", "url": "tiger-monkey-plush", "description": "TBA", "category": 10, "second_category": null, "price_class": 3, "rarity": 2, "hunger": 0, "wellness": 0, "happiness": 1, "collectible": false}}, {"model": "shop.item", "pk": 85, "fields": {"name": "Yellow Monkey Plush", "url": "yellow-monkey-plush", "description": "TBA", "category": 10, "second_category": null, "price_class": 2, "rarity": 1, "hunger": 0, "wellness": 0, "happiness": 1, "collectible": false}}, {"model": "shop.item", "pk": 86, "fields": {"name": "Hunger Potion", "url": "hunger", "description": "TBA", "category": 7, "second_category": 11, "price_class": 3, "rarity": 1, "hunger": 5, "wellness": 0, "happiness": 0, "collectible": false}}, {"model": "shop.item", "pk": 87, "fields": {"name": "Happiness Potion", "url": "happiness", "description": "TBA", "category": 7, "second_category": 11, "price_class": 3, "rarity": 1, "hunger": 0, "wellness": 0, "happiness": 5, "collectible": false}}, {"model": "shop.item", "pk": 88, "fields": {"name": "Wellness Potion", "url": "wellness", "description": "TBA", "category": 7, "second_category": 11, "price_class": 3, "rarity": 1, "hunger": 0, "wellness": 5, "happiness": 0, "collectible": false}}, {"model": "shop.item", "pk": 89, "fields": {"name": "Apricot", "url": "apricot", "description": "TBA", "category": 1, "second_category": 4, "price_class": 2, "rarity": 1, "hunger": 1, "wellness": 0, "happiness": 0, "collectible": false}}, {"model": "shop.item", "pk": 90, "fields": {"name": "Avocado", "url": "avocado", "description": "TBA", "category": 1, "second_category": 4, "price_class": 3, "rarity": 1, "hunger": 1, "wellness": 0, "happiness": 0, "collectible": false}}, {"model": "shop.item", "pk": 91, "fields": {"name": "Banana", "url": "banana", "description": "TBA", "category": 1, "second_category": 4, "price_class": 1, "rarity": 1, "hunger": 1, "wellness": 0, "happiness": 0, "collectible": false}}, {"model": "shop.item", "pk": 92, "fields": {"name": "Blackberry", "url": "blackberry", "description": "TBA", "category": 1, "second_category": 4, "price_class": 1, "rarity": 1, "hunger": 1, "wellness": 0, "happiness": 0, "collectible": false}}, {"model": "shop.item", "pk": 93, "fields": {"name": "Blueberry", "url": "blueberry", "description": "TBA", "category": 1, "second_category": 4, "price_class": 1, "rarity": 1, "hunger": 1, "wellness": 0, "happiness": 0, "collectible": false}}, {"model": "shop.item", "pk": 94, "fields": {"name": "Cherry", "url": "cherry", "description": "TBA", "category": 1, "second_category": 4, "price_class": 1, "rarity": 1, "hunger": 1, "wellness": 0, "happiness": 0, "collectible": false}}, {"model": "shop.item", "pk": 95, "fields": {"name": "Lime", "url": "lime", "description": "TBA", "category": 1, "second_category": 4, "price_class": 2, "rarity": 1, "hunger": 1, "wellness": 0, "happiness": 0, "collectible": false}}, {"model": "shop.item", "pk": 96, "fields": {"name": "Mango", "url": "mango", "description": "TBA", "category": 1, "second_category": 4, "price_class": 3, "rarity": 1, "hunger": 1, "wellness": 0, "happiness": 0, "collectible": false}}, {"model": "shop.item", "pk": 97, "fields": {"name": "Peach", "url": "peach", "description": "TBA", "category": 1, "second_category": 4, "price_class": 1, "rarity": 1, "hunger": 1, "wellness": 0, "happiness": 0, "collectible": false}}, {"model": "shop.item", "pk": 98, "fields": {"name": "Pear", "url": "pear", "description": "TBA", "category": 1, "second_category": 4, "price_class": 1, "rarity": 1, "hunger": 1, "wellness": 0, "happiness": 0, "collectible": false}}, {"model": "shop.item", "pk": 99, "fields": {"name": "Pineapple", "url": "pineapple", "description": "TBA", "category": 1, "second_category": 4, "price_class": 2, "rarity": 1, "hunger": 1, "wellness": 0, "happiness": 0, "collectible": false}}, {"model": "shop.item", "pk": 100, "fields": {"name": "Plum", "url": "plum", "description": "TBA", "category": 1, "second_category": 4, "price_class": 2, "rarity": 1, "hunger": 1, "wellness": 0, "happiness": 0, "collectible": false}}, {"model": "shop.item", "pk": 101, "fields": {"name": "Pomegranate", "url": "pomegranate", "description": "TBA", "category": 1, "second_category": 4, "price_class": 3, "rarity": 1, "hunger": 1, "wellness": 0, "happiness": 0, "collectible": false}}, {"model": "shop.item", "pk": 102, "fields": {"name": "Tomato", "url": "tomato", "description": "TBA", "category": 1, "second_category": 4, "price_class": 1, "rarity": 1, "hunger": 1, "wellness": 0, "happiness": 0, "collectible": false}}, {"model": "shop.item", "pk": 103, "fields": {"name": "Watermelon", "url": "watermelon", "description": "TBA", "category": 1, "second_category": 4, "price_class": 2, "rarity": 1, "hunger": 1, "wellness": 0, "happiness": 0, "collectible": false}}, {"model": "shop.item", "pk": 104, "fields": {"name": "Asparagus", "url": "asparagus", "description": "TBA", "category": 2, "second_category": 4, "price_class": 1, "rarity": 1, "hunger": 1, "wellness": 0, "happiness": 0, "collectible": false}}, {"model": "shop.item", "pk": 105, "fields": {"name": "Cauliflower", "url": "cauliflower", "description": "TBA", "category": 2, "second_category": 4, "price_class": 2, "rarity": 1, "hunger": 1, "wellness": 0, "happiness": 0, "collectible": false}}, {"model": "shop.item", "pk": 106, "fields": {"name": "Celery", "url": "celery", "description": "TBA", "category": 2, "second_category": 4, "price_class": 1, "rarity": 1, "hunger": 1, "wellness": 0, "happiness": 0, "collectible": false}}, {"model": "shop.item", "pk": 107, "fields": {"name": "Corn", "url": "corn", "description": "TBA", "category": 2, "second_category": 4, "price_class": 1, "rarity": 1, "hunger": 1, "wellness": 0, "happiness": 0, "collectible": false}}, {"model": "shop.item", "pk": 108, "fields": {"name": "Garlic", "url": "garlic", "description": "TBA", "category": 2, "second_category": 4, "price_class": 3, "rarity": 1, "hunger": 1, "wellness": 0, "happiness": 0, "collectible": false}}, {"model": "shop.item", "pk": 109, "fields": {"name": "Green Beans", "url": "green-beans", "description": "TBA", "category": 2, "second_category": 4, "price_class": 2, "rarity": 1, "hunger": 1, "wellness": 0, "happiness": 0, "collectible": false}}, {"model": "shop.item", "pk": 110, "fields": {"name": "Kale", "url": "kale", "description": "TBA", "category": 2, "second_category": 4, "price_class": 3, "rarity": 1, "hunger": 1, "wellness": 0, "happiness": 0, "collectible": false}}, {"model": "shop.item", "pk": 111, "fields": {"name": "Leek", "url": "leek", "description": "TBA", "category": 2, "second_category": 4, "price_class": 3, "rarity": 1, "hunger": 1, "wellness": 0, "happiness": 0, "collectible": false}}, {"model": "shop.item", "pk": 112, "fields": {"name": "Okra", "url": "okra", "description": "TBA", "category": 2, "second_category": 4, "price_class": 2, "rarity": 1, "hunger": 1, "wellness": 0, "happiness": 0, "collectible": false}}, {"model": "shop.item", "pk": 113, "fields": {"name": "Onion", "url": "onion", "description": "TBA", "category": 2, "second_category": 4, "price_class": 2, "rarity": 1, "hunger": 1, "wellness": 0, "happiness": 0, "collectible": false}}, {"model": "shop.item", "pk": 114, "fields": {"name": "Peas", "url": "peas", "description": "TBA", "category": 2, "second_category": 4, "price_class": 1, "rarity": 1, "hunger": 1, "wellness": 0, "happiness": 0, "collectible": false}}, {"model": "shop.item", "pk": 115, "fields": {"name": "Potato", "url": "potato", "description": "TBA", "category": 2, "second_category": 4, "price_class": 1, "rarity": 1, "hunger": 1, "wellness": 0, "happiness": 0, "collectible": false}}, {"model": "shop.item", "pk": 116, "fields": {"name": "Pumpkin", "url": "pumpkin", "description": "TBA", "category": 2, "second_category": 4, "price_class": 3, "rarity": 1, "hunger": 1, "wellness": 0, "happiness": 0, "collectible": false}}, {"model": "shop.item", "pk": 117, "fields": {"name": "Radish", "url": "radish", "description": "TBA", "category": 2, "second_category": 4, "price_class": 3, "rarity": 1, "hunger": 1, "wellness": 0, "happiness": 0, "collectible": false}}, {"model": "shop.item", "pk": 118, "fields": {"name": "Spinach", "url": "spinach", "description": "TBA", "category": 2, "second_category": 4, "price_class": 1, "rarity": 1, "hunger": 1, "wellness": 0, "happiness": 0, "collectible": false}}, {"model": "shop.item", "pk": 119, "fields": {"name": "Bottled Water", "url": "bottled-water", "description": "TBA", "category": 6, "second_category": 5, "price_class": 1, "rarity": 1, "hunger": 0, "wellness": 10, "happiness": 0, "collectible": false}}, {"model": "shop.item", "pk": 120, "fields": {"name": "Chicken Noodle Soup", "url": "chicken-noodle-soup", "description": "TBA", "category": 6, "second_category": 5, "price_class": 1, "rarity": 1, "hunger": 0, "wellness": 10, "happiness": 0, "collectible": false}}, {"model": "shop.item", "pk": 121, "fields": {"name": "Cold Pack", "url": "cold-pack", "description": "TBA", "category": 6, "second_category": 5, "price_class": 2, "rarity": 1, "hunger": 0, "wellness": 10, "happiness": 0, "collectible": false}}, {"model": "shop.item", "pk": 122, "fields": {"name": "Cold Pills", "url": "cold-pills", "description": "TBA", "category": 6, "second_category": 5, "price_class": 2, "rarity": 1, "hunger": 0, "wellness": 10, "happiness": 0, "collectible": false}}, {"model": "shop.item", "pk": 123, "fields": {"name": "Cranberry Juice", "url": "cranberry-juice", "description": "TBA", "category": 6, "second_category": 5, "price_class": 2, "rarity": 1, "hunger": 0, "wellness": 10, "happiness": 0, "collectible": false}}, {"model": "shop.item", "pk": 124, "fields": {"name": "Essential Oils", "url": "essential-oils", "description": "TBA", "category": 6, "second_category": 5, "price_class": 3, "rarity": 1, "hunger": 0, "wellness": 10, "happiness": 0, "collectible": false}}, {"model": "shop.item", "pk": 125, "fields": {"name": "Hard Candy", "url": "hard-candy", "description": "TBA", "category": 6, "second_category": 5, "price_class": 1, "rarity": 1, "hunger": 0, "wellness": 10, "happiness": 0, "collectible": false}}, {"model": "shop.item", "pk": 126, "fields": {"name": "Heating Pad", "url": "heating-pad", "description": "TBA", "category": 6, "second_category": 5, "price_class": 2, "rarity": 1, "hunger": 0, "wellness": 10, "happiness": 0, "collectible": false}}, {"model": "shop.item", "pk": 127, "fields": {"name": "Honey", "url": "honey", "description": "TBA", "category": 6, "second_category": 5, "price_class": 1, "rarity": 1, "hunger": 0, "wellness": 10, "happiness": 0, "collectible": false}}, {"model": "shop.item", "pk": 128, "fields": {"name": "Humidifier", "url": "humidifier", "description": "TBA", "category": 6, "second_category": 5, "price_class": 3, "rarity": 1, "hunger": 0, "wellness": 10, "happiness": 0, "collectible": false}}, {"model": "shop.item", "pk": 129, "fields": {"name": "Mineral Water", "url": "mineral-water", "description": "TBA", "category": 6, "second_category": 5, "price_class": 2, "rarity": 1, "hunger": 0, "wellness": 10, "happiness": 0, "collectible": false}}, {"model": "shop.item", "pk": 130, "fields": {"name": "Peppermint", "url": "peppermint", "description": "TBA", "category": 6, "second_category": 5, "price_class": 1, "rarity": 1, "hunger": 0, "wellness": 10, "happiness": 0, "collectible": false}}, {"model": "shop.item", "pk": 131, "fields": {"name": "Petroleum Jelly", "url": "petroleum-jelly", "description": "TBA", "category": 6, "second_category": 5, "price_class": 2, "rarity": 1, "hunger": 0, "wellness": 10, "happiness": 0, "collectible": false}}, {"model": "shop.item", "pk": 132, "fields": {"name": "Salt Water Rinse", "url": "salt-water", "description": "TBA", "category": 6, "second_category": 5, "price_class": 1, "rarity": 1, "hunger": 0, "wellness": 10, "happiness": 0, "collectible": false}}, {"model": "shop.item", "pk": 133, "fields": {"name": "Yoga Instructional DVD", "url": "yoga-instructional-dvd", "description": "TBA", "category": 6, "second_category": 5, "price_class": 3, "rarity": 1, "hunger": 0, "wellness": 10, "happiness": 0, "collectible": false}}, {"model": "shop.item", "pk": 134, "fields": {"name": "Applesauce", "url": "applesauce", "description": "TBA", "category": 4, "second_category": null, "price_class": 2, "rarity": 1, "hunger": 1, "wellness": 0, "happiness": 0, "collectible": false}}, {"model": "shop.item", "pk": 135, "fields": {"name": "Bagel", "url": "bagel", "description": "TBA", "category": 4, "second_category": null, "price_class": 2, "rarity": 1, "hunger": 1, "wellness": 0, "happiness": 0, "collectible": false}}, {"model": "shop.item", "pk": 136, "fields": {"name": "Can of Beans", "url": "can-of-beans", "description": "TBA", "category": 4, "second_category": null, "price_class": 1, "rarity": 1, "hunger": 1, "wellness": 0, "happiness": 0, "collectible": false}}, {"model": "shop.item", "pk": 137, "fields": {"name": "Cheese", "url": "cheese", "description": "TBA", "category": 4, "second_category": null, "price_class": 1, "rarity": 1, "hunger": 1, "wellness": 0, "happiness": 0, "collectible": false}}, {"model": "shop.item", "pk": 138, "fields": {"name": "Chocolate Milk", "url": "chocolate-milk", "description": "TBA", "category": 4, "second_category": null, "price_class": 2, "rarity": 2, "hunger": 1, "wellness": 0, "happiness": 0, "collectible": false}}, {"model": "shop.item", "pk": 139, "fields": {"name": "Eggs", "url": "egg", "description": "TBA", "category": 4, "second_category": null, "price_class": 1, "rarity": 1, "hunger": 1, "wellness": 0, "happiness": 0, "collectible": false}}, {"model": "shop.item", "pk": 140, "fields": {"name": "French Bread", "url": "french-bread", "description": "TBA", "category": 4, "second_category": null, "price_class": 2, "rarity": 2, "hunger": 1, "wellness": 0, "happiness": 0, "collectible": false}}, {"model": "shop.item", "pk": 141, "fields": {"name": "Frozen Yogurt", "url": "frozen-yogurt", "description": "TBA", "category": 4, "second_category": null, "price_class": 3, "rarity": 2, "hunger": 1, "wellness": 0, "happiness": 0, "collectible": false}}, {"model": "shop.item", "pk": 142, "fields": {"name": "Milk", "url": "milk", "description": "TBA", "category": 4, "second_category": null, "price_class": 1, "rarity": 1, "hunger": 1, "wellness": 0, "happiness": 0, "collectible": false}}, {"model": "shop.item", "pk": 143, "fields": {"name": "Olive Oil", "url": "olive-oil", "description": "TBA", "category": 4, "second_category": null, "price_class": 3, "rarity": 2, "hunger": 1, "wellness": 0, "happiness": 0, "collectible": false}}, {"model": "shop.item", "pk": 144, "fields": {"name": "Orange Juice", "url": "orange-juice", "description": "TBA", "category": 4, "second_category": null, "price_class": 1, "rarity": 1, "hunger": 1, "wellness": 0, "happiness": 0, "collectible": false}}, {"model": "shop.item", "pk": 145, "fields": {"name": "Peanut Butter", "url": "peanut-butter", "description": "TBA", "category": 4, "second_category": null, "price_class": 2, "rarity": 1, "hunger": 1, "wellness": 0, "happiness": 0, "collectible": false}}, {"model": "shop.item", "pk": 146, "fields": {"name": "Spices", "url": "spices", "description": "TBA", "category": 4, "second_category": null, "price_class": 3, "rarity": 3, "hunger": 1, "wellness": 0, "happiness": 0, "collectible": false}}, {"model": "shop.item", "pk": 147, "fields": {"name": "Strawberry Milk", "url": "strawberry-milk", "description": "TBA", "category": 4, "second_category": null, "price_class": 3, "rarity": 1, "hunger": 1, "wellness": 0, "happiness": 0, "collectible": false}}, {"model": "shop.item", "pk": 148, "fields": {"name": "Wheat Bread", "url": "wheat-bread", "description": "TBA", "category": 4, "second_category": null, "price_class": 2, "rarity": 1, "hunger": 1, "wellness": 0, "happiness": 0, "collectible": false}}, {"model": "shop.item", "pk": 149, "fields": {"name": "Yogurt", "url": "yogurt", "description": "TBA", "category": 4, "second_category": null, "price_class": 3, "rarity": 1, "hunger": 1, "wellness": 0, "happiness": 0, "collectible": false}}, {"model": "shop.item", "pk": 150, "fields": {"name": "Injection", "url": "injection", "description": "TBA", "category": 5, "second_category": null, "price_class": 1, "rarity": 10, "hunger": 0, "wellness": 4, "happiness": 0, "collectible": false}}, {"model": "shop.item", "pk": 151, "fields": {"name": "Cough Syrup", "url": "cough-syrup", "description": "TBA", "category": 5, "second_category": null, "price_class": 1, "rarity": 10, "hunger": 0, "wellness": 4, "happiness": 0, "collectible": false}}, {"model": "shop.item", "pk": 152, "fields": {"name": "Nasal Spray", "url": "nasal-spray", "description": "TBA", "category": 5, "second_category": null, "price_class": 1, "rarity": 10, "hunger": 0, "wellness": 4, "happiness": 0, "collectible": false}}, {"model": "shop.item", "pk": 153, "fields": {"name": "Ointment", "url": "ointment", "description": "TBA", "category": 5, "second_category": null, "price_class": 1, "rarity": 10, "hunger": 0, "wellness": 4, "happiness": 0, "collectible": false}}, {"model": "shop.item", "pk": 154, "fields": {"name": "PT Prescription", "url": "physical-therapy", "description": "TBA", "category": 5, "second_category": null, "price_class": 1, "rarity": 10, "hunger": 0, "wellness": 4, "happiness": 0, "collectible": false}}, {"model": "shop.item", "pk": 155, "fields": {"name": "Pills", "url": "pills", "description": "TBA", "category": 5, "second_category": null, "price_class": 1, "rarity": 10, "hunger": 0, "wellness": 4, "happiness": 0, "collectible": false}}, {"model": "shop.item", "pk": 156, "fields": {"name": "Steroids", "url": "steroids", "description": "TBA", "category": 5, "second_category": null, "price_class": 1, "rarity": 10, "hunger": 0, "wellness": 4, "happiness": 0, "collectible": false}}, {"model": "shop.item", "pk": 157, "fields": {"name": "Burrito", "url": "burrito", "description": "TBA", "category": 12, "second_category": null, "price_class": 2, "rarity": 3, "hunger": 10, "wellness": 0, "happiness": 10, "collectible": false}}, {"model": "shop.item", "pk": 158, "fields": {"name": "Cheeseburger", "url": "cheeseburger", "description": "TBA", "category": 12, "second_category": null, "price_class": 1, "rarity": 1, "hunger": 10, "wellness": 0, "happiness": 10, "collectible": false}}, {"model": "shop.item", "pk": 159, "fields": {"name": "Chicken Nuggets", "url": "chicken-nuggets", "description": "TBA", "category": 12, "second_category": null, "price_class": 2, "rarity": 1, "hunger": 10, "wellness": 0, "happiness": 10, "collectible": false}}, {"model": "shop.item", "pk": 160, "fields": {"name": "Chocolate Ice Cream Cone", "url": "chocolate-ice-cream-cone", "description": "TBA", "category": 12, "second_category": null, "price_class": 3, "rarity": 2, "hunger": 10, "wellness": 0, "happiness": 10, "collectible": false}}, {"model": "shop.item", "pk": 161, "fields": {"name": "Chocolate Milkshake", "url": "chocolate-milkshake", "description": "TBA", "category": 12, "second_category": null, "price_class": 3, "rarity": 2, "hunger": 10, "wellness": 0, "happiness": 10, "collectible": false}}, {"model": "shop.item", "pk": 162, "fields": {"name": "French Fries", "url": "french-fries", "description": "TBA", "category": 12, "second_category": null, "price_class": 1, "rarity": 1, "hunger": 10, "wellness": 0, "happiness": 10, "collectible": false}}, {"model": "shop.item", "pk": 163, "fields": {"name": "Nachos With Cheese", "url": "nachos-with-cheese", "description": "TBA", "category": 12, "second_category": null, "price_class": 2, "rarity": 2, "hunger": 10, "wellness": 0, "happiness": 10, "collectible": false}}, {"model": "shop.item", "pk": 164, "fields": {"name": "Strawberry Ice Cream Cone", "url": "strawberry-ice-cream-cone", "description": "TBA", "category": 12, "second_category": null, "price_class": 3, "rarity": 2, "hunger": 10, "wellness": 0, "happiness": 10, "collectible": false}}, {"model": "shop.item", "pk": 165, "fields": {"name": "Strawberry Milkshake", "url": "strawberry-milkshake", "description": "TBA", "category": 12, "second_category": null, "price_class": 3, "rarity": 2, "hunger": 10, "wellness": 0, "happiness": 10, "collectible": false}}, {"model": "shop.item", "pk": 166, "fields": {"name": "Taco", "url": "taco", "description": "TBA", "category": 12, "second_category": null, "price_class": 2, "rarity": 3, "hunger": 10, "wellness": 0, "happiness": 10, "collectible": false}}, {"model": "shop.item", "pk": 167, "fields": {"name": "Tater Tots", "url": "tater-tots", "description": "TBA", "category": 12, "second_category": null, "price_class": 2, "rarity": 2, "hunger": 10, "wellness": 0, "happiness": 10, "collectible": false}}, {"model": "shop.item", "pk": 168, "fields": {"name": "Triple Cheeseburger", "url": "triple-cheeseburger", "description": "TBA", "category": 12, "second_category": null, "price_class": 3, "rarity": 3, "hunger": 10, "wellness": 0, "happiness": 10, "collectible": false}}, {"model": "shop.item", "pk": 169, "fields": {"name": "Triple Scoop Ice Cream Cone", "url": "triple-scoop-ice-cream-cone", "description": "TBA", "category": 12, "second_category": null, "price_class": 3, "rarity": 3, "hunger": 10, "wellness": 0, "happiness": 10, "collectible": false}}, {"model": "shop.item", "pk": 170, "fields": {"name": "Vanilla Ice Cream Cone", "url": "vanilla-ice-cream-cone", "description": "TBA", "category": 12, "second_category": null, "price_class": 3, "rarity": 2, "hunger": 10, "wellness": 0, "happiness": 10, "collectible": false}}, {"model": "shop.item", "pk": 171, "fields": {"name": "Vanilla Milkshake", "url": "vanilla-milkshake", "description": "TBA", "category": 12, "second_category": null, "price_class": 3, "rarity": 2, "hunger": 10, "wellness": 0, "happiness": 10, "collectible": false}}, {"model": "shop.shop", "pk": 1, "fields": {"name": "Sprite's Sprouts", "url": "sprouts", "description": "Full of organic fruits and vegetables, sure to keep your pets well nourished and healthy, even though everything seems to have a very slight coating of dirt.", "category": 4, "prices": "89,335,828,189,59,99,166,712,1670,209,1313,99,1962,618,96,333,148,523", "quantities": null, "restock": 1, "items": [14, 97, 101, 102, 134, 148]}}, {"model": "shop.shop", "pk": 2, "fields": {"name": "Borders", "url": "borders", "description": "Oh, you're looking for books? You've come to the right place! We are going out of business soon so all books are half price!", "category": 3, "prices": "7552,1539,200,10040,3565", "quantities": null, "restock": 3, "items": [1, 2, 3, 4, 5]}}, {"model": "shop.shop", "pk": 3, "fields": {"name": "Traditional Herbs", "url": "traditional-herbs", "description": "Create the life you were born to live. Ancient fixes proven to cure the mind, body, and spirit. The healing power of nature can get you past any sickness.", "category": 6, "prices": "619,588,249,759,239,199,576,394,301,943,111,425,294,788,284,613,108,1653", "quantities": null, "restock": 1, "items": [16, 17, 18, 19, 119, 120, 121, 122, 123, 124, 125, 126, 127, 129, 130, 131, 132, 133]}}, {"model": "shop.shop", "pk": 4, "fields": {"name": "Alchemist", "url": "alchemist", "description": "Give your pet new life. Purify and perfect all imperfections. Potions guaranteed to have desirable effects on all pets, young and old.", "category": 7, "prices": "24736,29963,24129,28779,29121,38841,36733,35703,37306,30321,67697,75963,55496,83757,51919,1735,1396,1621", "quantities": null, "restock": 1, "items": [21, 22, 23, 24, 25, 26, 27, 28, 29, 30, 31, 32, 33, 34, 35, 86, 87, 88]}}, {"model": "shop.shop", "pk": 5, "fields": {"name": "Shop Plush", "url": "shop-plush", "description": "Find your new furry friend at Shop Plush (TM)!", "category": 10, "prices": "329,737,1574,579,573,1567,797,1932,1659,642,1838,840,1433,1300,510,1046,1516,1509", "quantities": null, "restock": 1, "items": [36, 42, 44, 47, 52, 53, 56, 59, 60, 62, 68, 72, 73, 74, 77, 78, 83, 84]}}, {"model": "shop.shop", "pk": 6, "fields": {"name": "Quick Trip", "url": "quick-trip", "description": "Your one-stop-shop for any foods that are \"guaranteed\" to be good and good for you! No refunds!", "category": 12, "prices": "402,216,586,1164,1739,136,543,1811,1735,779,570,963,1140,1963,1470", "quantities": null, "restock": 1, "items": [157, 158, 159, 160, 161, 162, 163, 164, 165, 166, 167, 168, 169, 170, 171]}}, {"model": "social.board", "pk": 1, "fields": {"name": "Announcements", "url": "announcements", "description": "Find out all the latest happenings on the Primaria announcements boards. Only staff are allowed to post topics, but anyone may comment.", "staff": true}}, {"model": "djcelery.taskmeta", "pk": 30, "fields": {"task_id": "3a4ab9b6-e3a7-4e8f-a7f0-5df82f099390", "status": "SUCCESS", "result": null, "date_done": "2018-04-12T15:32:26.884Z", "traceback": null, "hidden": false, "meta": "eJxrYKotZIzgYGBgSM7IzEkpSs2LLdYDADylBhk="}}, {"model": "djcelery.intervalschedule", "pk": 1, "fields": {"every": 10, "period": "seconds"}}, {"model": "djcelery.intervalschedule", "pk": 2, "fields": {"every": 5, "period": "seconds"}}, {"model": "djcelery.intervalschedule", "pk": 3, "fields": {"every": 3600, "period": "seconds"}}, {"model": "djcelery.intervalschedule", "pk": 4, "fields": {"every": 86400, "period": "seconds"}}, {"model": "djcelery.intervalschedule", "pk": 5, "fields": {"every": 60, "period": "seconds"}}, {"model": "djcelery.intervalschedule", "pk": 6, "fields": {"every": 1, "period": "seconds"}}, {"model": "djcelery.crontabschedule", "pk": 1, "fields": {"minute": "0", "hour": "4", "day_of_week": "*", "day_of_month": "*", "month_of_year": "*"}}, {"model": "djcelery.crontabschedule", "pk": 2, "fields": {"minute": "47", "hour": "18", "day_of_week": "*", "day_of_month": "*", "month_of_year": "*"}}, {"model": "djcelery.crontabschedule", "pk": 3, "fields": {"minute": "59", "hour": "18", "day_of_week": "*", "day_of_month": "*", "month_of_year": "*"}}, {"model": "djcelery.crontabschedule", "pk": 4, "fields": {"minute": "1", "hour": "19", "day_of_week": "*", "day_of_month": "*", "month_of_year": "*"}}, {"model": "djcelery.crontabschedule", "pk": 5, "fields": {"minute": "2", "hour": "19", "day_of_week": "*", "day_of_month": "*", "month_of_year": "*"}}, {"model": "djcelery.crontabschedule", "pk": 6, "fields": {"minute": "21", "hour": "19", "day_of_week": "*", "day_of_month": "*", "month_of_year": "*"}}, {"model": "djcelery.crontabschedule", "pk": 7, "fields": {"minute": "23", "hour": "19", "day_of_week": "*", "day_of_month": "*", "month_of_year": "*"}}, {"model": "djcelery.crontabschedule", "pk": 8, "fields": {"minute": "26", "hour": "19", "day_of_week": "*", "day_of_month": "*", "month_of_year": "*"}}, {"model": "djcelery.crontabschedule", "pk": 9, "fields": {"minute": "28", "hour": "22", "day_of_week": "*", "day_of_month": "*", "month_of_year": "*"}}, {"model": "djcelery.periodictasks", "pk": 1, "fields": {"last_update": "2018-04-12T15:33:20.228Z"}}, {"model": "djcelery.periodictask", "pk": 2, "fields": {"name": "celery.backend_cleanup", "task": "celery.backend_cleanup", "interval": null, "crontab": 1, "args": "[]", "kwargs": "{}", "queue": null, "exchange": null, "routing_key": null, "expires": null, "enabled": true, "last_run_at": "2018-04-12T15:32:04.635Z", "total_run_count": 29, "date_changed": "2018-04-12T15:33:20.200Z", "description": ""}}, {"model": "djcelery.periodictask", "pk": 4, "fields": {"name": "shop.tasks.restock", "task": "shop.tasks.restock", "interval": 3, "crontab": 9, "args": "[]", "kwargs": "{}", "queue": null, "exchange": null, "routing_key": null, "expires": null, "enabled": true, "last_run_at": "2018-04-12T15:32:04.654Z", "total_run_count": 899, "date_changed": "2018-04-12T15:33:20.213Z", "description": ""}}, {"model": "djcelery.periodictask", "pk": 5, "fields": {"name": "shop.tasks.set_interest", "task": "shop.tasks.set_interest", "interval": 4, "crontab": 8, "args": "[]", "kwargs": "{}", "queue": null, "exchange": null, "routing_key": null, "expires": null, "enabled": true, "last_run_at": "2018-04-12T15:32:04.650Z", "total_run_count": 35, "date_changed": "2018-04-12T15:33:20.222Z", "description": ""}}, {"model": "djcelery.periodictask", "pk": 7, "fields": {"name": "core.tasks.decrease_pet_stats", "task": "core.tasks.decrease_pet_stats", "interval": 3, "crontab": null, "args": "[]", "kwargs": "{}", "queue": null, "exchange": null, "routing_key": null, "expires": null, "enabled": true, "last_run_at": "2018-04-12T15:32:04.656Z", "total_run_count": 246, "date_changed": "2018-04-12T15:33:20.231Z", "description": ""}}, {"model": "contenttypes.contenttype", "pk": 1, "fields": {"app_label": "admin", "model": "logentry"}}, {"model": "contenttypes.contenttype", "pk": 2, "fields": {"app_label": "auth", "model": "permission"}}, {"model": "contenttypes.contenttype", "pk": 3, "fields": {"app_label": "auth", "model": "group"}}, {"model": "contenttypes.contenttype", "pk": 4, "fields": {"app_label": "auth", "model": "user"}}, {"model": "contenttypes.contenttype", "pk": 5, "fields": {"app_label": "contenttypes", "model": "contenttype"}}, {"model": "contenttypes.contenttype", "pk": 6, "fields": {"app_label": "sessions", "model": "session"}}, {"model": "contenttypes.contenttype", "pk": 8, "fields": {"app_label": "core", "model": "pet"}}, {"model": "contenttypes.contenttype", "pk": 9, "fields": {"app_label": "core", "model": "animal"}}, {"model": "contenttypes.contenttype", "pk": 10, "fields": {"app_label": "shop", "model": "category"}}, {"model": "contenttypes.contenttype", "pk": 11, "fields": {"app_label": "shop", "model": "item"}}, {"model": "contenttypes.contenttype", "pk": 12, "fields": {"app_label": "shop", "model": "inventory"}}, {"model": "contenttypes.contenttype", "pk": 13, "fields": {"app_label": "shop", "model": "shop"}}, {"model": "contenttypes.contenttype", "pk": 14, "fields": {"app_label": "core", "model": "profile"}}, {"model": "contenttypes.contenttype", "pk": 15, "fields": {"app_label": "djcelery", "model": "taskmeta"}}, {"model": "contenttypes.contenttype", "pk": 16, "fields": {"app_label": "djcelery", "model": "tasksetmeta"}}, {"model": "contenttypes.contenttype", "pk": 17, "fields": {"app_label": "djcelery", "model": "intervalschedule"}}, {"model": "contenttypes.contenttype", "pk": 18, "fields": {"app_label": "djcelery", "model": "crontabschedule"}}, {"model": "contenttypes.contenttype", "pk": 19, "fields": {"app_label": "djcelery", "model": "periodictasks"}}, {"model": "contenttypes.contenttype", "pk": 20, "fields": {"app_label": "djcelery", "model": "periodictask"}}, {"model": "contenttypes.contenttype", "pk": 21, "fields": {"app_label": "djcelery", "model": "workerstate"}}, {"model": "contenttypes.contenttype", "pk": 22, "fields": {"app_label": "djcelery", "model": "taskstate"}}, {"model": "contenttypes.contenttype", "pk": 23, "fields": {"app_label": "shop", "model": "bankaccount"}}, {"model": "contenttypes.contenttype", "pk": 24, "fields": {"app_label": "world", "model": "score"}}, {"model": "contenttypes.contenttype", "pk": 25, "fields": {"app_label": "shop", "model": "interest"}}, {"model": "contenttypes.contenttype", "pk": 27, "fields": {"app_label": "world", "model": "dailyclaim"}}, {"model": "contenttypes.contenttype", "pk": 28, "fields": {"app_label": "shop", "model": "gallery"}}, {"model": "contenttypes.contenttype", "pk": 29, "fields": {"app_label": "social", "model": "message"}}, {"model": "contenttypes.contenttype", "pk": 30, "fields": {"app_label": "social", "model": "badge"}}, {"model": "contenttypes.contenttype", "pk": 31, "fields": {"app_label": "world", "model": "medicinepickup"}}, {"model": "contenttypes.contenttype", "pk": 32, "fields": {"app_label": "shop", "model": "usershop"}}, {"model": "contenttypes.contenttype", "pk": 33, "fields": {"app_label": "social", "model": "board"}}, {"model": "contenttypes.contenttype", "pk": 34, "fields": {"app_label": "social", "model": "topic"}}, {"model": "contenttypes.contenttype", "pk": 35, "fields": {"app_label": "social", "model": "reply"}}, {"model": "contenttypes.contenttype", "pk": 36, "fields": {"app_label": "goddess", "model": "quest"}}, {"model": "sessions.session", "pk": "ab11e2amo4oo119wq34qlzcbd7903qjf", "fields": {"session_data": "ZTcyNTRkNjY3YWU2ODk3YmZhY2U5YmFlMzMwZGRiYTA4YWZhM2EwYzp7Il9hdXRoX3VzZXJfaGFzaCI6IjVmYzEwMjg2NTBlZTg3MzExMzAzZjE5YWQzODE2OWY4MTk4NTllMDMiLCJfYXV0aF91c2VyX2JhY2tlbmQiOiJkamFuZ28uY29udHJpYi5hdXRoLmJhY2tlbmRzLk1vZGVsQmFja2VuZCIsIl9hdXRoX3VzZXJfaWQiOiIxIn0=", "expire_date": "2018-04-04T03:40:24.490Z"}}, {"model": "sessions.session", "pk": "g7tagzr72bssv3er5mnk2p9mvhyozxag", "fields": {"session_data": "MWIzNDg5NTFmNWY4ZWEyZDA3MjBmMzNjNzQ0OGI4NDg0NDBiNWM3MDp7Il9hdXRoX3VzZXJfaGFzaCI6ImZjMmUyMWY5ZmJkM2RiZWMwZTljMWIzYWRhMzE4MjUwOWM1ZjMyZGYiLCJfYXV0aF91c2VyX2JhY2tlbmQiOiJkamFuZ28uY29udHJpYi5hdXRoLmJhY2tlbmRzLk1vZGVsQmFja2VuZCIsIl9hdXRoX3VzZXJfaWQiOiIxIn0=", "expire_date": "2018-04-24T21:05:39.047Z"}}, {"model": "sessions.session", "pk": "hoz7wqviuq5jpp1iffckzfyklnli6g9r", "fields": {"session_data": "ZTcyNTRkNjY3YWU2ODk3YmZhY2U5YmFlMzMwZGRiYTA4YWZhM2EwYzp7Il9hdXRoX3VzZXJfaGFzaCI6IjVmYzEwMjg2NTBlZTg3MzExMzAzZjE5YWQzODE2OWY4MTk4NTllMDMiLCJfYXV0aF91c2VyX2JhY2tlbmQiOiJkamFuZ28uY29udHJpYi5hdXRoLmJhY2tlbmRzLk1vZGVsQmFja2VuZCIsIl9hdXRoX3VzZXJfaWQiOiIxIn0=", "expire_date": "2018-03-31T07:51:30.041Z"}}, {"model": "sessions.session", "pk": "wke0ij4jkpxuen1tjjp6gci2oha9vc1q", "fields": {"session_data": "MWIzNDg5NTFmNWY4ZWEyZDA3MjBmMzNjNzQ0OGI4NDg0NDBiNWM3MDp7Il9hdXRoX3VzZXJfaGFzaCI6ImZjMmUyMWY5ZmJkM2RiZWMwZTljMWIzYWRhMzE4MjUwOWM1ZjMyZGYiLCJfYXV0aF91c2VyX2JhY2tlbmQiOiJkamFuZ28uY29udHJpYi5hdXRoLmJhY2tlbmRzLk1vZGVsQmFja2VuZCIsIl9hdXRoX3VzZXJfaWQiOiIxIn0=", "expire_date": "2018-04-25T03:17:22.122Z"}}, {"model": "sessions.session", "pk": "x2bxrtvfgzv21zif8x4qgpxuhwm6re1x", "fields": {"session_data": "ZTcyNTRkNjY3YWU2ODk3YmZhY2U5YmFlMzMwZGRiYTA4YWZhM2EwYzp7Il9hdXRoX3VzZXJfaGFzaCI6IjVmYzEwMjg2NTBlZTg3MzExMzAzZjE5YWQzODE2OWY4MTk4NTllMDMiLCJfYXV0aF91c2VyX2JhY2tlbmQiOiJkamFuZ28uY29udHJpYi5hdXRoLmJhY2tlbmRzLk1vZGVsQmFja2VuZCIsIl9hdXRoX3VzZXJfaWQiOiIxIn0=", "expire_date": "2017-10-08T01:50:51.769Z"}}, {"model": "auth.permission", "pk": 1, "fields": {"name": "Can add log entry", "content_type": 1, "codename": "add_logentry"}}, {"model": "auth.permission", "pk": 2, "fields": {"name": "Can change log entry", "content_type": 1, "codename": "change_logentry"}}, {"model": "auth.permission", "pk": 3, "fields": {"name": "Can delete log entry", "content_type": 1, "codename": "delete_logentry"}}, {"model": "auth.permission", "pk": 4, "fields": {"name": "Can add permission", "content_type": 2, "codename": "add_permission"}}, {"model": "auth.permission", "pk": 5, "fields": {"name": "Can change permission", "content_type": 2, "codename": "change_permission"}}, {"model": "auth.permission", "pk": 6, "fields": {"name": "Can delete permission", "content_type": 2, "codename": "delete_permission"}}, {"model": "auth.permission", "pk": 7, "fields": {"name": "Can add group", "content_type": 3, "codename": "add_group"}}, {"model": "auth.permission", "pk": 8, "fields": {"name": "Can change group", "content_type": 3, "codename": "change_group"}}, {"model": "auth.permission", "pk": 9, "fields": {"name": "Can delete group", "content_type": 3, "codename": "delete_group"}}, {"model": "auth.permission", "pk": 10, "fields": {"name": "Can add user", "content_type": 4, "codename": "add_user"}}, {"model": "auth.permission", "pk": 11, "fields": {"name": "Can change user", "content_type": 4, "codename": "change_user"}}, {"model": "auth.permission", "pk": 12, "fields": {"name": "Can delete user", "content_type": 4, "codename": "delete_user"}}, {"model": "auth.permission", "pk": 13, "fields": {"name": "Can add content type", "content_type": 5, "codename": "add_contenttype"}}, {"model": "auth.permission", "pk": 14, "fields": {"name": "Can change content type", "content_type": 5, "codename": "change_contenttype"}}, {"model": "auth.permission", "pk": 15, "fields": {"name": "Can delete content type", "content_type": 5, "codename": "delete_contenttype"}}, {"model": "auth.permission", "pk": 16, "fields": {"name": "Can add session", "content_type": 6, "codename": "add_session"}}, {"model": "auth.permission", "pk": 17, "fields": {"name": "Can change session", "content_type": 6, "codename": "change_session"}}, {"model": "auth.permission", "pk": 18, "fields": {"name": "Can delete session", "content_type": 6, "codename": "delete_session"}}, {"model": "auth.permission", "pk": 22, "fields": {"name": "Can add pet", "content_type": 8, "codename": "add_pet"}}, {"model": "auth.permission", "pk": 23, "fields": {"name": "Can change pet", "content_type": 8, "codename": "change_pet"}}, {"model": "auth.permission", "pk": 24, "fields": {"name": "Can delete pet", "content_type": 8, "codename": "delete_pet"}}, {"model": "auth.permission", "pk": 25, "fields": {"name": "Can add animal", "content_type": 9, "codename": "add_animal"}}, {"model": "auth.permission", "pk": 26, "fields": {"name": "Can change animal", "content_type": 9, "codename": "change_animal"}}, {"model": "auth.permission", "pk": 27, "fields": {"name": "Can delete animal", "content_type": 9, "codename": "delete_animal"}}, {"model": "auth.permission", "pk": 28, "fields": {"name": "Can add category", "content_type": 10, "codename": "add_category"}}, {"model": "auth.permission", "pk": 29, "fields": {"name": "Can change category", "content_type": 10, "codename": "change_category"}}, {"model": "auth.permission", "pk": 30, "fields": {"name": "Can delete category", "content_type": 10, "codename": "delete_category"}}, {"model": "auth.permission", "pk": 31, "fields": {"name": "Can add item", "content_type": 11, "codename": "add_item"}}, {"model": "auth.permission", "pk": 32, "fields": {"name": "Can change item", "content_type": 11, "codename": "change_item"}}, {"model": "auth.permission", "pk": 33, "fields": {"name": "Can delete item", "content_type": 11, "codename": "delete_item"}}, {"model": "auth.permission", "pk": 34, "fields": {"name": "Can add inventory", "content_type": 12, "codename": "add_inventory"}}, {"model": "auth.permission", "pk": 35, "fields": {"name": "Can change inventory", "content_type": 12, "codename": "change_inventory"}}, {"model": "auth.permission", "pk": 36, "fields": {"name": "Can delete inventory", "content_type": 12, "codename": "delete_inventory"}}, {"model": "auth.permission", "pk": 37, "fields": {"name": "Can add shop", "content_type": 13, "codename": "add_shop"}}, {"model": "auth.permission", "pk": 38, "fields": {"name": "Can change shop", "content_type": 13, "codename": "change_shop"}}, {"model": "auth.permission", "pk": 39, "fields": {"name": "Can delete shop", "content_type": 13, "codename": "delete_shop"}}, {"model": "auth.permission", "pk": 40, "fields": {"name": "Can add profile", "content_type": 14, "codename": "add_profile"}}, {"model": "auth.permission", "pk": 41, "fields": {"name": "Can change profile", "content_type": 14, "codename": "change_profile"}}, {"model": "auth.permission", "pk": 42, "fields": {"name": "Can delete profile", "content_type": 14, "codename": "delete_profile"}}, {"model": "auth.permission", "pk": 43, "fields": {"name": "Can add task state", "content_type": 15, "codename": "add_taskmeta"}}, {"model": "auth.permission", "pk": 44, "fields": {"name": "Can change task state", "content_type": 15, "codename": "change_taskmeta"}}, {"model": "auth.permission", "pk": 45, "fields": {"name": "Can delete task state", "content_type": 15, "codename": "delete_taskmeta"}}, {"model": "auth.permission", "pk": 46, "fields": {"name": "Can add saved group result", "content_type": 16, "codename": "add_tasksetmeta"}}, {"model": "auth.permission", "pk": 47, "fields": {"name": "Can change saved group result", "content_type": 16, "codename": "change_tasksetmeta"}}, {"model": "auth.permission", "pk": 48, "fields": {"name": "Can delete saved group result", "content_type": 16, "codename": "delete_tasksetmeta"}}, {"model": "auth.permission", "pk": 49, "fields": {"name": "Can add interval", "content_type": 17, "codename": "add_intervalschedule"}}, {"model": "auth.permission", "pk": 50, "fields": {"name": "Can change interval", "content_type": 17, "codename": "change_intervalschedule"}}, {"model": "auth.permission", "pk": 51, "fields": {"name": "Can delete interval", "content_type": 17, "codename": "delete_intervalschedule"}}, {"model": "auth.permission", "pk": 52, "fields": {"name": "Can add crontab", "content_type": 18, "codename": "add_crontabschedule"}}, {"model": "auth.permission", "pk": 53, "fields": {"name": "Can change crontab", "content_type": 18, "codename": "change_crontabschedule"}}, {"model": "auth.permission", "pk": 54, "fields": {"name": "Can delete crontab", "content_type": 18, "codename": "delete_crontabschedule"}}, {"model": "auth.permission", "pk": 55, "fields": {"name": "Can add periodic tasks", "content_type": 19, "codename": "add_periodictasks"}}, {"model": "auth.permission", "pk": 56, "fields": {"name": "Can change periodic tasks", "content_type": 19, "codename": "change_periodictasks"}}, {"model": "auth.permission", "pk": 57, "fields": {"name": "Can delete periodic tasks", "content_type": 19, "codename": "delete_periodictasks"}}, {"model": "auth.permission", "pk": 58, "fields": {"name": "Can add periodic task", "content_type": 20, "codename": "add_periodictask"}}, {"model": "auth.permission", "pk": 59, "fields": {"name": "Can change periodic task", "content_type": 20, "codename": "change_periodictask"}}, {"model": "auth.permission", "pk": 60, "fields": {"name": "Can delete periodic task", "content_type": 20, "codename": "delete_periodictask"}}, {"model": "auth.permission", "pk": 61, "fields": {"name": "Can add worker", "content_type": 21, "codename": "add_workerstate"}}, {"model": "auth.permission", "pk": 62, "fields": {"name": "Can change worker", "content_type": 21, "codename": "change_workerstate"}}, {"model": "auth.permission", "pk": 63, "fields": {"name": "Can delete worker", "content_type": 21, "codename": "delete_workerstate"}}, {"model": "auth.permission", "pk": 64, "fields": {"name": "Can add task", "content_type": 22, "codename": "add_taskstate"}}, {"model": "auth.permission", "pk": 65, "fields": {"name": "Can change task", "content_type": 22, "codename": "change_taskstate"}}, {"model": "auth.permission", "pk": 66, "fields": {"name": "Can delete task", "content_type": 22, "codename": "delete_taskstate"}}, {"model": "auth.permission", "pk": 67, "fields": {"name": "Can add bank account", "content_type": 23, "codename": "add_bankaccount"}}, {"model": "auth.permission", "pk": 68, "fields": {"name": "Can change bank account", "content_type": 23, "codename": "change_bankaccount"}}, {"model": "auth.permission", "pk": 69, "fields": {"name": "Can delete bank account", "content_type": 23, "codename": "delete_bankaccount"}}, {"model": "auth.permission", "pk": 70, "fields": {"name": "Can add score", "content_type": 24, "codename": "add_score"}}, {"model": "auth.permission", "pk": 71, "fields": {"name": "Can change score", "content_type": 24, "codename": "change_score"}}, {"model": "auth.permission", "pk": 72, "fields": {"name": "Can delete score", "content_type": 24, "codename": "delete_score"}}, {"model": "auth.permission", "pk": 73, "fields": {"name": "Can add interest", "content_type": 25, "codename": "add_interest"}}, {"model": "auth.permission", "pk": 74, "fields": {"name": "Can change interest", "content_type": 25, "codename": "change_interest"}}, {"model": "auth.permission", "pk": 75, "fields": {"name": "Can delete interest", "content_type": 25, "codename": "delete_interest"}}, {"model": "auth.permission", "pk": 79, "fields": {"name": "Can add daily claim", "content_type": 27, "codename": "add_dailyclaim"}}, {"model": "auth.permission", "pk": 80, "fields": {"name": "Can change daily claim", "content_type": 27, "codename": "change_dailyclaim"}}, {"model": "auth.permission", "pk": 81, "fields": {"name": "Can delete daily claim", "content_type": 27, "codename": "delete_dailyclaim"}}, {"model": "auth.permission", "pk": 82, "fields": {"name": "Can add gallery", "content_type": 28, "codename": "add_gallery"}}, {"model": "auth.permission", "pk": 83, "fields": {"name": "Can change gallery", "content_type": 28, "codename": "change_gallery"}}, {"model": "auth.permission", "pk": 84, "fields": {"name": "Can delete gallery", "content_type": 28, "codename": "delete_gallery"}}, {"model": "auth.permission", "pk": 85, "fields": {"name": "Can add message", "content_type": 29, "codename": "add_message"}}, {"model": "auth.permission", "pk": 86, "fields": {"name": "Can change message", "content_type": 29, "codename": "change_message"}}, {"model": "auth.permission", "pk": 87, "fields": {"name": "Can delete message", "content_type": 29, "codename": "delete_message"}}, {"model": "auth.permission", "pk": 88, "fields": {"name": "Can add badge", "content_type": 30, "codename": "add_badge"}}, {"model": "auth.permission", "pk": 89, "fields": {"name": "Can change badge", "content_type": 30, "codename": "change_badge"}}, {"model": "auth.permission", "pk": 90, "fields": {"name": "Can delete badge", "content_type": 30, "codename": "delete_badge"}}, {"model": "auth.permission", "pk": 91, "fields": {"name": "Can add medicine pickup", "content_type": 31, "codename": "add_medicinepickup"}}, {"model": "auth.permission", "pk": 92, "fields": {"name": "Can change medicine pickup", "content_type": 31, "codename": "change_medicinepickup"}}, {"model": "auth.permission", "pk": 93, "fields": {"name": "Can delete medicine pickup", "content_type": 31, "codename": "delete_medicinepickup"}}, {"model": "auth.permission", "pk": 94, "fields": {"name": "Can add user shop", "content_type": 32, "codename": "add_usershop"}}, {"model": "auth.permission", "pk": 95, "fields": {"name": "Can change user shop", "content_type": 32, "codename": "change_usershop"}}, {"model": "auth.permission", "pk": 96, "fields": {"name": "Can delete user shop", "content_type": 32, "codename": "delete_usershop"}}, {"model": "auth.permission", "pk": 97, "fields": {"name": "Can add board", "content_type": 33, "codename": "add_board"}}, {"model": "auth.permission", "pk": 98, "fields": {"name": "Can change board", "content_type": 33, "codename": "change_board"}}, {"model": "auth.permission", "pk": 99, "fields": {"name": "Can delete board", "content_type": 33, "codename": "delete_board"}}, {"model": "auth.permission", "pk": 100, "fields": {"name": "Can add topic", "content_type": 34, "codename": "add_topic"}}, {"model": "auth.permission", "pk": 101, "fields": {"name": "Can change topic", "content_type": 34, "codename": "change_topic"}}, {"model": "auth.permission", "pk": 102, "fields": {"name": "Can delete topic", "content_type": 34, "codename": "delete_topic"}}, {"model": "auth.permission", "pk": 103, "fields": {"name": "Can add reply", "content_type": 35, "codename": "add_reply"}}, {"model": "auth.permission", "pk": 104, "fields": {"name": "Can change reply", "content_type": 35, "codename": "change_reply"}}, {"model": "auth.permission", "pk": 105, "fields": {"name": "Can delete reply", "content_type": 35, "codename": "delete_reply"}}, {"model": "auth.permission", "pk": 106, "fields": {"name": "Can add quest", "content_type": 36, "codename": "add_quest"}}, {"model": "auth.permission", "pk": 107, "fields": {"name": "Can change quest", "content_type": 36, "codename": "change_quest"}}, {"model": "auth.permission", "pk": 108, "fields": {"name": "Can delete quest", "content_type": 36, "codename": "delete_quest"}}, {"model": "auth.user", "pk": 1, "fields": {"password": "pbkdf2_sha256$24000$l4sdGLzn3L4l$h5uMfy529CLFKXG+vu5SCqzxxF+TBaIUqrH/kG2CIxs=", "last_login": "2018-04-11T03:17:22.115Z", "is_superuser": true, "username": "audrey", "first_name": "", "last_name": "", "email": "", "is_staff": true, "is_active": true, "date_joined": "2017-09-17T22:08:24.440Z", "groups": [], "user_permissions": []}}, {"model": "auth.user", "pk": 3, "fields": {"password": "pbkdf2_sha256$24000$hWUlY7VUBVbr$VlMDKUrD/deTbM6R7rx2dsRZfzYPqPCQss0EzJUKraI=", "last_login": "2018-04-08T19:59:08.140Z", "is_superuser": false, "username": "example", "first_name": "", "last_name": "", "email": "example@example.com", "is_staff": false, "is_active": true, "date_joined": "2018-04-08T19:28:06.890Z", "groups": [], "user_permissions": []}}, {"model": "admin.logentry", "pk": 1, "fields": {"action_time": "2017-09-17T23:06:03.622Z", "user": 1, "content_type": null, "object_id": "1", "object_repr": "Species object", "action_flag": 1, "change_message": "Added."}}, {"model": "admin.logentry", "pk": 2, "fields": {"action_time": "2017-09-17T23:06:05.830Z", "user": 1, "content_type": null, "object_id": "2", "object_repr": "Species object", "action_flag": 1, "change_message": "Added."}}, {"model": "admin.logentry", "pk": 3, "fields": {"action_time": "2017-09-17T23:06:07.733Z", "user": 1, "content_type": null, "object_id": "3", "object_repr": "Species object", "action_flag": 1, "change_message": "Added."}}, {"model": "admin.logentry", "pk": 4, "fields": {"action_time": "2017-09-17T23:06:09.311Z", "user": 1, "content_type": null, "object_id": "4", "object_repr": "Species object", "action_flag": 1, "change_message": "Added."}}, {"model": "admin.logentry", "pk": 5, "fields": {"action_time": "2017-09-17T23:06:11.702Z", "user": 1, "content_type": null, "object_id": "5", "object_repr": "Species object", "action_flag": 1, "change_message": "Added."}}, {"model": "admin.logentry", "pk": 6, "fields": {"action_time": "2017-09-17T23:47:33.134Z", "user": 1, "content_type": 9, "object_id": "1", "object_repr": "dino", "action_flag": 2, "change_message": "Changed description."}}, {"model": "admin.logentry", "pk": 7, "fields": {"action_time": "2017-09-17T23:48:45.264Z", "user": 1, "content_type": 9, "object_id": "2", "object_repr": "lizard", "action_flag": 2, "change_message": "Changed description."}}, {"model": "admin.logentry", "pk": 8, "fields": {"action_time": "2017-09-17T23:50:07.591Z", "user": 1, "content_type": 9, "object_id": "2", "object_repr": "lizard", "action_flag": 2, "change_message": "Changed description."}}, {"model": "admin.logentry", "pk": 9, "fields": {"action_time": "2017-09-17T23:51:37.786Z", "user": 1, "content_type": 9, "object_id": "3", "object_repr": "monkey", "action_flag": 2, "change_message": "Changed description."}}, {"model": "admin.logentry", "pk": 10, "fields": {"action_time": "2017-09-18T00:25:45.877Z", "user": 1, "content_type": 9, "object_id": "2", "object_repr": "lizard", "action_flag": 2, "change_message": "Changed description."}}, {"model": "admin.logentry", "pk": 11, "fields": {"action_time": "2017-09-18T00:25:52.864Z", "user": 1, "content_type": 9, "object_id": "3", "object_repr": "monkey", "action_flag": 2, "change_message": "Changed description."}}, {"model": "admin.logentry", "pk": 12, "fields": {"action_time": "2017-09-18T00:26:19.476Z", "user": 1, "content_type": 9, "object_id": "4", "object_repr": "mouse", "action_flag": 2, "change_message": "Changed description."}}, {"model": "admin.logentry", "pk": 13, "fields": {"action_time": "2017-09-18T00:27:18.238Z", "user": 1, "content_type": 9, "object_id": "5", "object_repr": "tapir", "action_flag": 2, "change_message": "Changed description."}}, {"model": "admin.logentry", "pk": 14, "fields": {"action_time": "2017-09-18T00:41:01.118Z", "user": 1, "content_type": 9, "object_id": "1", "object_repr": "dino", "action_flag": 2, "change_message": "Changed description."}}, {"model": "admin.logentry", "pk": 15, "fields": {"action_time": "2017-09-18T00:41:08.645Z", "user": 1, "content_type": 9, "object_id": "2", "object_repr": "lizard", "action_flag": 2, "change_message": "Changed description."}}, {"model": "admin.logentry", "pk": 16, "fields": {"action_time": "2017-09-18T00:41:18.365Z", "user": 1, "content_type": 9, "object_id": "3", "object_repr": "monkey", "action_flag": 2, "change_message": "No fields changed."}}, {"model": "admin.logentry", "pk": 17, "fields": {"action_time": "2017-09-18T00:41:22.664Z", "user": 1, "content_type": 9, "object_id": "4", "object_repr": "mouse", "action_flag": 2, "change_message": "No fields changed."}}, {"model": "admin.logentry", "pk": 18, "fields": {"action_time": "2017-09-18T02:22:01.055Z", "user": 1, "content_type": 8, "object_id": "1", "object_repr": "audrey's pet Theador_83", "action_flag": 3, "change_message": ""}}, {"model": "admin.logentry", "pk": 19, "fields": {"action_time": "2017-09-18T02:35:35.570Z", "user": 1, "content_type": 8, "object_id": "2", "object_repr": "audrey's pet Theador_83", "action_flag": 2, "change_message": "Changed happiness."}}, {"model": "admin.logentry", "pk": 20, "fields": {"action_time": "2017-09-18T17:51:20.361Z", "user": 1, "content_type": 8, "object_id": "2", "object_repr": "audrey's pet Theador_83", "action_flag": 3, "change_message": ""}}, {"model": "admin.logentry", "pk": 21, "fields": {"action_time": "2017-09-18T23:07:33.106Z", "user": 1, "content_type": 10, "object_id": "1", "object_repr": "fruit", "action_flag": 1, "change_message": "Added."}}, {"model": "admin.logentry", "pk": 22, "fields": {"action_time": "2017-09-18T23:07:38.365Z", "user": 1, "content_type": 10, "object_id": "2", "object_repr": "vegetable", "action_flag": 1, "change_message": "Added."}}, {"model": "admin.logentry", "pk": 23, "fields": {"action_time": "2017-09-18T23:07:41.388Z", "user": 1, "content_type": 10, "object_id": "3", "object_repr": "book", "action_flag": 1, "change_message": "Added."}}, {"model": "admin.logentry", "pk": 24, "fields": {"action_time": "2017-09-18T23:08:34.476Z", "user": 1, "content_type": 11, "object_id": "1", "object_repr": "Catch-44 by Joe Hecker", "action_flag": 1, "change_message": "Added."}}, {"model": "admin.logentry", "pk": 25, "fields": {"action_time": "2017-09-18T23:08:57.147Z", "user": 1, "content_type": 11, "object_id": "2", "object_repr": "Dusk by Tiffany Mayor", "action_flag": 1, "change_message": "Added."}}, {"model": "admin.logentry", "pk": 26, "fields": {"action_time": "2017-09-18T23:09:19.464Z", "user": 1, "content_type": 11, "object_id": "3", "object_repr": "Fifty Shades of Beige by Eel Jame", "action_flag": 1, "change_message": "Added."}}, {"model": "admin.logentry", "pk": 27, "fields": {"action_time": "2017-09-18T23:09:46.841Z", "user": 1, "content_type": 11, "object_id": "4", "object_repr": "The Girl on the Subway by Paul Falcons", "action_flag": 1, "change_message": "Added."}}, {"model": "admin.logentry", "pk": 28, "fields": {"action_time": "2017-09-18T23:10:18.341Z", "user": 1, "content_type": 11, "object_id": "5", "object_repr": "To Injure a Mimicingbird by Luter Lee", "action_flag": 1, "change_message": "Added."}}, {"model": "admin.logentry", "pk": 29, "fields": {"action_time": "2017-09-18T23:10:36.352Z", "user": 1, "content_type": 11, "object_id": "6", "object_repr": "Apple", "action_flag": 1, "change_message": "Added."}}, {"model": "admin.logentry", "pk": 30, "fields": {"action_time": "2017-09-18T23:10:47.752Z", "user": 1, "content_type": 11, "object_id": "7", "object_repr": "Grapes", "action_flag": 1, "change_message": "Added."}}, {"model": "admin.logentry", "pk": 31, "fields": {"action_time": "2017-09-18T23:10:57.838Z", "user": 1, "content_type": 11, "object_id": "8", "object_repr": "Lemon", "action_flag": 1, "change_message": "Added."}}, {"model": "admin.logentry", "pk": 32, "fields": {"action_time": "2017-09-18T23:11:11.390Z", "user": 1, "content_type": 11, "object_id": "9", "object_repr": "Orange", "action_flag": 1, "change_message": "Added."}}, {"model": "admin.logentry", "pk": 33, "fields": {"action_time": "2017-09-18T23:11:24.892Z", "user": 1, "content_type": 11, "object_id": "10", "object_repr": "Strawberry", "action_flag": 1, "change_message": "Added."}}, {"model": "admin.logentry", "pk": 34, "fields": {"action_time": "2017-09-18T23:11:38.506Z", "user": 1, "content_type": 11, "object_id": "11", "object_repr": "Broccoli", "action_flag": 1, "change_message": "Added."}}, {"model": "admin.logentry", "pk": 35, "fields": {"action_time": "2017-09-18T23:11:47.683Z", "user": 1, "content_type": 11, "object_id": "12", "object_repr": "Carrot", "action_flag": 1, "change_message": "Added."}}, {"model": "admin.logentry", "pk": 36, "fields": {"action_time": "2017-09-18T23:12:00.471Z", "user": 1, "content_type": 11, "object_id": "13", "object_repr": "Pepper", "action_flag": 1, "change_message": "Added."}}, {"model": "admin.logentry", "pk": 37, "fields": {"action_time": "2017-09-18T23:12:09.963Z", "user": 1, "content_type": 11, "object_id": "14", "object_repr": "Turnip", "action_flag": 1, "change_message": "Added."}}, {"model": "admin.logentry", "pk": 38, "fields": {"action_time": "2017-09-18T23:12:30.216Z", "user": 1, "content_type": 11, "object_id": "15", "object_repr": "Cabbage", "action_flag": 1, "change_message": "Added."}}, {"model": "admin.logentry", "pk": 39, "fields": {"action_time": "2017-09-18T23:13:02.602Z", "user": 1, "content_type": 12, "object_id": "1", "object_repr": "audrey's Fifty Shades of Beige by Eel Jame", "action_flag": 1, "change_message": "Added."}}, {"model": "admin.logentry", "pk": 40, "fields": {"action_time": "2017-09-18T23:28:20.545Z", "user": 1, "content_type": 12, "object_id": "2", "object_repr": "audrey's Strawberry", "action_flag": 1, "change_message": "Added."}}, {"model": "admin.logentry", "pk": 41, "fields": {"action_time": "2017-09-18T23:42:27.620Z", "user": 1, "content_type": 10, "object_id": "4", "object_repr": "food", "action_flag": 1, "change_message": "Added."}}, {"model": "admin.logentry", "pk": 42, "fields": {"action_time": "2017-09-18T23:42:36.801Z", "user": 1, "content_type": 11, "object_id": "15", "object_repr": "Cabbage", "action_flag": 2, "change_message": "Changed second_category."}}, {"model": "admin.logentry", "pk": 43, "fields": {"action_time": "2017-09-18T23:42:44.082Z", "user": 1, "content_type": 11, "object_id": "14", "object_repr": "Turnip", "action_flag": 2, "change_message": "Changed second_category."}}, {"model": "admin.logentry", "pk": 44, "fields": {"action_time": "2017-09-18T23:42:51.477Z", "user": 1, "content_type": 11, "object_id": "13", "object_repr": "Pepper", "action_flag": 2, "change_message": "Changed second_category."}}, {"model": "admin.logentry", "pk": 45, "fields": {"action_time": "2017-09-18T23:42:56.383Z", "user": 1, "content_type": 11, "object_id": "12", "object_repr": "Carrot", "action_flag": 2, "change_message": "Changed second_category."}}, {"model": "admin.logentry", "pk": 46, "fields": {"action_time": "2017-09-18T23:43:05.105Z", "user": 1, "content_type": 11, "object_id": "11", "object_repr": "Broccoli", "action_flag": 2, "change_message": "Changed second_category."}}, {"model": "admin.logentry", "pk": 47, "fields": {"action_time": "2017-09-18T23:43:09.284Z", "user": 1, "content_type": 11, "object_id": "10", "object_repr": "Strawberry", "action_flag": 2, "change_message": "Changed second_category."}}, {"model": "admin.logentry", "pk": 48, "fields": {"action_time": "2017-09-18T23:43:17.799Z", "user": 1, "content_type": 11, "object_id": "9", "object_repr": "Orange", "action_flag": 2, "change_message": "Changed second_category."}}, {"model": "admin.logentry", "pk": 49, "fields": {"action_time": "2017-09-18T23:43:25.415Z", "user": 1, "content_type": 11, "object_id": "8", "object_repr": "Lemon", "action_flag": 2, "change_message": "Changed second_category."}}, {"model": "admin.logentry", "pk": 50, "fields": {"action_time": "2017-09-18T23:43:30.136Z", "user": 1, "content_type": 11, "object_id": "7", "object_repr": "Grapes", "action_flag": 2, "change_message": "Changed second_category."}}, {"model": "admin.logentry", "pk": 51, "fields": {"action_time": "2017-09-18T23:43:36.548Z", "user": 1, "content_type": 11, "object_id": "6", "object_repr": "Apple", "action_flag": 2, "change_message": "Changed second_category."}}, {"model": "admin.logentry", "pk": 52, "fields": {"action_time": "2017-09-18T23:44:37.775Z", "user": 1, "content_type": 10, "object_id": "4", "object_repr": "organic food", "action_flag": 2, "change_message": "Changed name."}}, {"model": "admin.logentry", "pk": 53, "fields": {"action_time": "2017-09-18T23:45:37.526Z", "user": 1, "content_type": 13, "object_id": "1", "object_repr": "Sprite's Sprouts", "action_flag": 1, "change_message": "Added."}}, {"model": "admin.logentry", "pk": 54, "fields": {"action_time": "2017-09-19T00:04:47.644Z", "user": 1, "content_type": 13, "object_id": "1", "object_repr": "Sprite's Sprouts", "action_flag": 2, "change_message": "No fields changed."}}, {"model": "admin.logentry", "pk": 55, "fields": {"action_time": "2017-09-19T00:27:04.824Z", "user": 1, "content_type": 13, "object_id": "1", "object_repr": "Sprite's Sprouts", "action_flag": 2, "change_message": "Changed items and prices."}}, {"model": "admin.logentry", "pk": 56, "fields": {"action_time": "2017-09-19T01:50:27.471Z", "user": 1, "content_type": 14, "object_id": "1", "object_repr": "Profile object", "action_flag": 1, "change_message": "Added."}}, {"model": "admin.logentry", "pk": 57, "fields": {"action_time": "2017-09-19T03:25:21.165Z", "user": 1, "content_type": 13, "object_id": "1", "object_repr": "Sprite's Sprouts", "action_flag": 2, "change_message": "Changed prices."}}, {"model": "admin.logentry", "pk": 58, "fields": {"action_time": "2017-09-19T03:29:30.210Z", "user": 1, "content_type": 13, "object_id": "1", "object_repr": "Sprite's Sprouts", "action_flag": 2, "change_message": "Changed items and prices."}}, {"model": "admin.logentry", "pk": 59, "fields": {"action_time": "2017-09-19T03:29:35.447Z", "user": 1, "content_type": 13, "object_id": "1", "object_repr": "Sprite's Sprouts", "action_flag": 2, "change_message": "Changed items."}}, {"model": "admin.logentry", "pk": 60, "fields": {"action_time": "2017-09-19T03:38:23.979Z", "user": 1, "content_type": 13, "object_id": "1", "object_repr": "Sprite's Sprouts", "action_flag": 2, "change_message": "Changed description."}}, {"model": "admin.logentry", "pk": 61, "fields": {"action_time": "2017-09-19T15:41:47.974Z", "user": 1, "content_type": 11, "object_id": "6", "object_repr": "Apple", "action_flag": 2, "change_message": "Changed hunger."}}, {"model": "admin.logentry", "pk": 62, "fields": {"action_time": "2017-09-19T15:42:03.211Z", "user": 1, "content_type": 11, "object_id": "7", "object_repr": "Grapes", "action_flag": 2, "change_message": "Changed rarity and hunger."}}, {"model": "admin.logentry", "pk": 63, "fields": {"action_time": "2017-09-19T15:42:20.181Z", "user": 1, "content_type": 11, "object_id": "8", "object_repr": "Lemon", "action_flag": 2, "change_message": "Changed rarity, hunger and happiness."}}, {"model": "admin.logentry", "pk": 64, "fields": {"action_time": "2017-09-19T15:42:25.768Z", "user": 1, "content_type": 11, "object_id": "9", "object_repr": "Orange", "action_flag": 2, "change_message": "Changed hunger."}}, {"model": "admin.logentry", "pk": 65, "fields": {"action_time": "2017-09-19T15:42:31.520Z", "user": 1, "content_type": 11, "object_id": "10", "object_repr": "Strawberry", "action_flag": 2, "change_message": "Changed hunger."}}, {"model": "admin.logentry", "pk": 66, "fields": {"action_time": "2017-09-19T15:42:44.915Z", "user": 1, "content_type": 11, "object_id": "11", "object_repr": "Broccoli", "action_flag": 2, "change_message": "Changed hunger and happiness."}}, {"model": "admin.logentry", "pk": 67, "fields": {"action_time": "2017-09-19T15:43:10.676Z", "user": 1, "content_type": 11, "object_id": "12", "object_repr": "Carrot", "action_flag": 2, "change_message": "Changed hunger."}}, {"model": "admin.logentry", "pk": 68, "fields": {"action_time": "2017-09-19T15:43:21.152Z", "user": 1, "content_type": 11, "object_id": "13", "object_repr": "Pepper", "action_flag": 2, "change_message": "Changed rarity, hunger and happiness."}}, {"model": "admin.logentry", "pk": 69, "fields": {"action_time": "2017-09-19T15:43:27.368Z", "user": 1, "content_type": 11, "object_id": "14", "object_repr": "Turnip", "action_flag": 2, "change_message": "Changed hunger and happiness."}}, {"model": "admin.logentry", "pk": 70, "fields": {"action_time": "2017-09-19T15:43:52.224Z", "user": 1, "content_type": 11, "object_id": "15", "object_repr": "Cabbage", "action_flag": 2, "change_message": "Changed hunger."}}, {"model": "admin.logentry", "pk": 71, "fields": {"action_time": "2017-09-19T15:44:13.100Z", "user": 1, "content_type": 11, "object_id": "5", "object_repr": "To Injure a Mimicingbird by Luter Lee", "action_flag": 2, "change_message": "Changed happiness."}}, {"model": "admin.logentry", "pk": 72, "fields": {"action_time": "2017-09-19T15:44:18.196Z", "user": 1, "content_type": 11, "object_id": "4", "object_repr": "The Girl on the Subway by Paul Falcons", "action_flag": 2, "change_message": "Changed happiness."}}, {"model": "admin.logentry", "pk": 73, "fields": {"action_time": "2017-09-19T15:44:22.664Z", "user": 1, "content_type": 11, "object_id": "3", "object_repr": "Fifty Shades of Beige by Eel Jame", "action_flag": 2, "change_message": "Changed happiness."}}, {"model": "admin.logentry", "pk": 74, "fields": {"action_time": "2017-09-19T15:44:27.191Z", "user": 1, "content_type": 11, "object_id": "2", "object_repr": "Dusk by Tiffany Mayor", "action_flag": 2, "change_message": "Changed happiness."}}, {"model": "admin.logentry", "pk": 75, "fields": {"action_time": "2017-09-19T15:44:31.967Z", "user": 1, "content_type": 11, "object_id": "1", "object_repr": "Catch-44 by Joe Hecker", "action_flag": 2, "change_message": "Changed happiness."}}, {"model": "admin.logentry", "pk": 76, "fields": {"action_time": "2017-09-19T15:44:38.040Z", "user": 1, "content_type": 11, "object_id": "5", "object_repr": "To Injure a Mimicingbird by Luter Lee", "action_flag": 2, "change_message": "Changed happiness."}}, {"model": "admin.logentry", "pk": 77, "fields": {"action_time": "2017-09-19T15:48:40.330Z", "user": 1, "content_type": 13, "object_id": "2", "object_repr": "Borders", "action_flag": 1, "change_message": "Added."}}, {"model": "admin.logentry", "pk": 78, "fields": {"action_time": "2017-09-19T15:51:40.975Z", "user": 1, "content_type": 13, "object_id": "2", "object_repr": "Borders", "action_flag": 2, "change_message": "No fields changed."}}, {"model": "admin.logentry", "pk": 79, "fields": {"action_time": "2017-09-19T17:29:21.132Z", "user": 1, "content_type": 14, "object_id": "1", "object_repr": "audrey", "action_flag": 2, "change_message": "Changed points."}}, {"model": "admin.logentry", "pk": 80, "fields": {"action_time": "2017-09-19T17:33:42.246Z", "user": 1, "content_type": 8, "object_id": "3", "object_repr": "audrey's pet Pet", "action_flag": 2, "change_message": "Changed happiness."}}, {"model": "admin.logentry", "pk": 81, "fields": {"action_time": "2017-09-19T18:28:09.018Z", "user": 1, "content_type": 17, "object_id": "1", "object_repr": "every 10 seconds", "action_flag": 1, "change_message": "Added."}}, {"model": "admin.logentry", "pk": 82, "fields": {"action_time": "2017-09-19T18:28:12.364Z", "user": 1, "content_type": 20, "object_id": "1", "object_repr": "Restock: every 10 seconds", "action_flag": 1, "change_message": "Added."}}, {"model": "admin.logentry", "pk": 83, "fields": {"action_time": "2017-09-19T18:29:49.064Z", "user": 1, "content_type": 20, "object_id": "1", "object_repr": "Restock: every 10 seconds", "action_flag": 3, "change_message": ""}}, {"model": "admin.logentry", "pk": 84, "fields": {"action_time": "2017-09-19T18:29:49.068Z", "user": 1, "content_type": 20, "object_id": "3", "object_repr": "shop.tasks.restock: every 5 seconds", "action_flag": 3, "change_message": ""}}, {"model": "admin.logentry", "pk": 85, "fields": {"action_time": "2017-09-20T03:53:47.623Z", "user": 1, "content_type": 11, "object_id": "3", "object_repr": "Fifty Shades of Beige by Eel Jame", "action_flag": 2, "change_message": "Changed wellness."}}, {"model": "admin.logentry", "pk": 86, "fields": {"action_time": "2017-09-21T00:36:46.917Z", "user": 1, "content_type": 8, "object_id": "3", "object_repr": "audrey's pet Pet", "action_flag": 3, "change_message": ""}}, {"model": "admin.logentry", "pk": 87, "fields": {"action_time": "2017-09-21T02:55:32.800Z", "user": 1, "content_type": 8, "object_id": "4", "object_repr": "audrey's pet Pet", "action_flag": 3, "change_message": ""}}, {"model": "admin.logentry", "pk": 88, "fields": {"action_time": "2017-09-22T01:53:42.154Z", "user": 1, "content_type": 10, "object_id": "5", "object_repr": "medicine", "action_flag": 1, "change_message": "Added."}}, {"model": "admin.logentry", "pk": 89, "fields": {"action_time": "2017-09-22T01:53:48.209Z", "user": 1, "content_type": 10, "object_id": "6", "object_repr": "herbal", "action_flag": 1, "change_message": "Added."}}, {"model": "admin.logentry", "pk": 90, "fields": {"action_time": "2017-09-22T01:55:01.550Z", "user": 1, "content_type": 11, "object_id": "16", "object_repr": "Warm Compress", "action_flag": 1, "change_message": "Added."}}, {"model": "admin.logentry", "pk": 91, "fields": {"action_time": "2017-09-22T01:55:35.785Z", "user": 1, "content_type": 11, "object_id": "17", "object_repr": "Fish Oil Pills", "action_flag": 1, "change_message": "Added."}}, {"model": "admin.logentry", "pk": 92, "fields": {"action_time": "2017-09-22T01:56:09.148Z", "user": 1, "content_type": 11, "object_id": "18", "object_repr": "Herbal Tea", "action_flag": 1, "change_message": "Added."}}, {"model": "admin.logentry", "pk": 93, "fields": {"action_time": "2017-09-22T01:56:35.097Z", "user": 1, "content_type": 11, "object_id": "19", "object_repr": "Oatmeal Bath", "action_flag": 1, "change_message": "Added."}}, {"model": "admin.logentry", "pk": 94, "fields": {"action_time": "2017-09-22T01:56:51.962Z", "user": 1, "content_type": 11, "object_id": "20", "object_repr": "Spoonful of Sugar", "action_flag": 1, "change_message": "Added."}}, {"model": "admin.logentry", "pk": 95, "fields": {"action_time": "2017-09-22T02:00:04.767Z", "user": 1, "content_type": 13, "object_id": "3", "object_repr": "Traditional Herbs & Tonics", "action_flag": 1, "change_message": "Added."}}, {"model": "admin.logentry", "pk": 96, "fields": {"action_time": "2017-09-22T02:02:36.389Z", "user": 1, "content_type": 13, "object_id": "3", "object_repr": "Traditional Herbs & Tonics", "action_flag": 2, "change_message": "Changed description."}}, {"model": "admin.logentry", "pk": 97, "fields": {"action_time": "2017-09-22T02:03:42.906Z", "user": 1, "content_type": 13, "object_id": "3", "object_repr": "Traditional Herbs & Tonics", "action_flag": 2, "change_message": "Changed description."}}, {"model": "admin.logentry", "pk": 98, "fields": {"action_time": "2017-09-22T02:54:01.144Z", "user": 1, "content_type": 13, "object_id": "3", "object_repr": "Traditional Herbs", "action_flag": 2, "change_message": "Changed name."}}, {"model": "admin.logentry", "pk": 99, "fields": {"action_time": "2017-09-23T21:57:04.018Z", "user": 1, "content_type": 23, "object_id": "1", "object_repr": "audrey's Account", "action_flag": 3, "change_message": ""}}, {"model": "admin.logentry", "pk": 100, "fields": {"action_time": "2018-03-17T07:53:58.408Z", "user": 1, "content_type": 8, "object_id": "5", "object_repr": "audrey's pet Pet", "action_flag": 2, "change_message": "Changed animal."}}, {"model": "admin.logentry", "pk": 101, "fields": {"action_time": "2018-03-17T07:54:05.395Z", "user": 1, "content_type": 8, "object_id": "5", "object_repr": "audrey's pet Pet", "action_flag": 2, "change_message": "Changed animal."}}, {"model": "admin.logentry", "pk": 102, "fields": {"action_time": "2018-03-17T07:54:13.318Z", "user": 1, "content_type": 8, "object_id": "5", "object_repr": "audrey's pet Pet", "action_flag": 2, "change_message": "Changed animal."}}, {"model": "admin.logentry", "pk": 103, "fields": {"action_time": "2018-03-17T07:54:26.729Z", "user": 1, "content_type": 8, "object_id": "5", "object_repr": "audrey's pet Pet", "action_flag": 2, "change_message": "Changed color and animal."}}, {"model": "admin.logentry", "pk": 104, "fields": {"action_time": "2018-03-17T23:45:31.465Z", "user": 1, "content_type": 23, "object_id": "2", "object_repr": "audrey's Account", "action_flag": 2, "change_message": "Changed level."}}, {"model": "admin.logentry", "pk": 105, "fields": {"action_time": "2018-03-18T00:28:22.352Z", "user": 1, "content_type": 14, "object_id": "1", "object_repr": "audrey", "action_flag": 2, "change_message": "Changed bio."}}, {"model": "admin.logentry", "pk": 106, "fields": {"action_time": "2018-03-18T00:28:44.394Z", "user": 1, "content_type": 14, "object_id": "1", "object_repr": "audrey", "action_flag": 2, "change_message": "No fields changed."}}, {"model": "admin.logentry", "pk": 107, "fields": {"action_time": "2018-03-18T02:36:56.620Z", "user": 1, "content_type": 8, "object_id": "5", "object_repr": "audrey's pet Pet", "action_flag": 2, "change_message": "Changed animal."}}, {"model": "admin.logentry", "pk": 108, "fields": {"action_time": "2018-03-18T02:37:09.431Z", "user": 1, "content_type": 8, "object_id": "5", "object_repr": "audrey's pet Pet", "action_flag": 2, "change_message": "Changed animal."}}, {"model": "admin.logentry", "pk": 109, "fields": {"action_time": "2018-03-18T02:37:24.026Z", "user": 1, "content_type": 8, "object_id": "5", "object_repr": "audrey's pet Pet", "action_flag": 2, "change_message": "Changed animal."}}, {"model": "admin.logentry", "pk": 110, "fields": {"action_time": "2018-03-18T02:38:44.108Z", "user": 1, "content_type": 8, "object_id": "5", "object_repr": "audrey's pet Hoggle", "action_flag": 2, "change_message": "Changed name."}}, {"model": "admin.logentry", "pk": 111, "fields": {"action_time": "2018-03-18T02:38:55.545Z", "user": 1, "content_type": 23, "object_id": "2", "object_repr": "audrey's Account", "action_flag": 2, "change_message": "Changed level."}}, {"model": "admin.logentry", "pk": 112, "fields": {"action_time": "2018-03-18T02:42:15.931Z", "user": 1, "content_type": 25, "object_id": "20", "object_repr": "Interest object", "action_flag": 1, "change_message": "Added."}}, {"model": "admin.logentry", "pk": 113, "fields": {"action_time": "2018-03-18T02:55:23.927Z", "user": 1, "content_type": 11, "object_id": "5", "object_repr": "To Injure a Mimicbird by Luter Lee", "action_flag": 2, "change_message": "Changed name."}}, {"model": "admin.logentry", "pk": 114, "fields": {"action_time": "2018-03-18T09:39:11.288Z", "user": 1, "content_type": 27, "object_id": "1", "object_repr": "DailyClaim object", "action_flag": 3, "change_message": ""}}, {"model": "admin.logentry", "pk": 115, "fields": {"action_time": "2018-03-18T09:39:48.636Z", "user": 1, "content_type": 27, "object_id": "2", "object_repr": "DailyClaim object", "action_flag": 3, "change_message": ""}}, {"model": "admin.logentry", "pk": 116, "fields": {"action_time": "2018-03-18T09:40:12.624Z", "user": 1, "content_type": 27, "object_id": "3", "object_repr": "DailyClaim object", "action_flag": 3, "change_message": ""}}, {"model": "admin.logentry", "pk": 117, "fields": {"action_time": "2018-03-18T09:41:34.897Z", "user": 1, "content_type": 27, "object_id": "4", "object_repr": "DailyClaim object", "action_flag": 3, "change_message": ""}}, {"model": "admin.logentry", "pk": 118, "fields": {"action_time": "2018-03-19T22:29:44.248Z", "user": 1, "content_type": 20, "object_id": "6", "object_repr": "shop.tasks.calculate_interest: 2 19 * * * (m/h/d/dM/MY)", "action_flag": 3, "change_message": ""}}, {"model": "admin.logentry", "pk": 119, "fields": {"action_time": "2018-03-19T22:32:55.880Z", "user": 1, "content_type": 8, "object_id": "5", "object_repr": "audrey's pet Hoggle", "action_flag": 2, "change_message": "Changed happiness."}}, {"model": "admin.logentry", "pk": 120, "fields": {"action_time": "2018-03-19T23:53:11.023Z", "user": 1, "content_type": 10, "object_id": "7", "object_repr": "potion", "action_flag": 1, "change_message": "Added."}}, {"model": "admin.logentry", "pk": 121, "fields": {"action_time": "2018-03-19T23:55:45.356Z", "user": 1, "content_type": 11, "object_id": "21", "object_repr": "Red Potion", "action_flag": 1, "change_message": "Added."}}, {"model": "admin.logentry", "pk": 122, "fields": {"action_time": "2018-03-19T23:56:09.352Z", "user": 1, "content_type": 11, "object_id": "22", "object_repr": "Green Potion", "action_flag": 1, "change_message": "Added."}}, {"model": "admin.logentry", "pk": 123, "fields": {"action_time": "2018-03-19T23:56:21.854Z", "user": 1, "content_type": 11, "object_id": "23", "object_repr": "Yellow Potion", "action_flag": 1, "change_message": "Added."}}, {"model": "admin.logentry", "pk": 124, "fields": {"action_time": "2018-03-19T23:56:35.000Z", "user": 1, "content_type": 11, "object_id": "24", "object_repr": "Blue Potion", "action_flag": 1, "change_message": "Added."}}, {"model": "admin.logentry", "pk": 125, "fields": {"action_time": "2018-03-19T23:56:51.858Z", "user": 1, "content_type": 11, "object_id": "25", "object_repr": "Black Potion", "action_flag": 1, "change_message": "Added."}}, {"model": "admin.logentry", "pk": 126, "fields": {"action_time": "2018-03-20T00:02:33.957Z", "user": 1, "content_type": 13, "object_id": "4", "object_repr": "Alchemist", "action_flag": 1, "change_message": "Added."}}, {"model": "admin.logentry", "pk": 127, "fields": {"action_time": "2018-03-20T01:14:33.263Z", "user": 1, "content_type": 11, "object_id": "26", "object_repr": "Mouse Potion", "action_flag": 1, "change_message": "Added."}}, {"model": "admin.logentry", "pk": 128, "fields": {"action_time": "2018-03-20T01:14:47.148Z", "user": 1, "content_type": 11, "object_id": "27", "object_repr": "Tapir Potion", "action_flag": 1, "change_message": "Added."}}, {"model": "admin.logentry", "pk": 129, "fields": {"action_time": "2018-03-20T01:15:06.702Z", "user": 1, "content_type": 11, "object_id": "28", "object_repr": "Lizard Potion", "action_flag": 1, "change_message": "Added."}}, {"model": "admin.logentry", "pk": 130, "fields": {"action_time": "2018-03-20T01:15:23.506Z", "user": 1, "content_type": 11, "object_id": "29", "object_repr": "Monkey Potion", "action_flag": 1, "change_message": "Added."}}, {"model": "admin.logentry", "pk": 131, "fields": {"action_time": "2018-03-20T01:15:34.398Z", "user": 1, "content_type": 11, "object_id": "30", "object_repr": "Dino Potion", "action_flag": 1, "change_message": "Added."}}, {"model": "admin.logentry", "pk": 132, "fields": {"action_time": "2018-03-20T01:20:56.022Z", "user": 1, "content_type": 10, "object_id": "8", "object_repr": "color potion", "action_flag": 1, "change_message": "Added."}}, {"model": "admin.logentry", "pk": 133, "fields": {"action_time": "2018-03-20T01:21:00.233Z", "user": 1, "content_type": 10, "object_id": "9", "object_repr": "morph potion", "action_flag": 1, "change_message": "Added."}}, {"model": "admin.logentry", "pk": 134, "fields": {"action_time": "2018-03-20T01:22:10.842Z", "user": 1, "content_type": 11, "object_id": "30", "object_repr": "Dino Potion", "action_flag": 2, "change_message": "Changed second_category."}}, {"model": "admin.logentry", "pk": 135, "fields": {"action_time": "2018-03-20T01:22:19.028Z", "user": 1, "content_type": 11, "object_id": "26", "object_repr": "Mouse Potion", "action_flag": 2, "change_message": "Changed second_category."}}, {"model": "admin.logentry", "pk": 136, "fields": {"action_time": "2018-03-20T01:22:24.986Z", "user": 1, "content_type": 11, "object_id": "29", "object_repr": "Monkey Potion", "action_flag": 2, "change_message": "Changed second_category."}}, {"model": "admin.logentry", "pk": 137, "fields": {"action_time": "2018-03-20T01:22:29.574Z", "user": 1, "content_type": 11, "object_id": "28", "object_repr": "Lizard Potion", "action_flag": 2, "change_message": "Changed second_category."}}, {"model": "admin.logentry", "pk": 138, "fields": {"action_time": "2018-03-20T01:22:34.481Z", "user": 1, "content_type": 11, "object_id": "27", "object_repr": "Tapir Potion", "action_flag": 2, "change_message": "Changed second_category."}}, {"model": "admin.logentry", "pk": 139, "fields": {"action_time": "2018-03-20T01:22:46.162Z", "user": 1, "content_type": 11, "object_id": "25", "object_repr": "Black Potion", "action_flag": 2, "change_message": "Changed second_category."}}, {"model": "admin.logentry", "pk": 140, "fields": {"action_time": "2018-03-20T01:22:50.756Z", "user": 1, "content_type": 11, "object_id": "24", "object_repr": "Blue Potion", "action_flag": 2, "change_message": "Changed second_category."}}, {"model": "admin.logentry", "pk": 141, "fields": {"action_time": "2018-03-20T01:22:55.329Z", "user": 1, "content_type": 11, "object_id": "23", "object_repr": "Yellow Potion", "action_flag": 2, "change_message": "Changed second_category."}}, {"model": "admin.logentry", "pk": 142, "fields": {"action_time": "2018-03-20T01:23:00.859Z", "user": 1, "content_type": 11, "object_id": "22", "object_repr": "Green Potion", "action_flag": 2, "change_message": "Changed second_category."}}, {"model": "admin.logentry", "pk": 143, "fields": {"action_time": "2018-03-20T01:23:05.975Z", "user": 1, "content_type": 11, "object_id": "21", "object_repr": "Red Potion", "action_flag": 2, "change_message": "Changed second_category."}}, {"model": "admin.logentry", "pk": 144, "fields": {"action_time": "2018-03-20T01:33:22.589Z", "user": 1, "content_type": 12, "object_id": "38", "object_repr": "audrey's Green Potion", "action_flag": 1, "change_message": "Added."}}, {"model": "admin.logentry", "pk": 145, "fields": {"action_time": "2018-03-20T01:34:48.684Z", "user": 1, "content_type": 8, "object_id": "5", "object_repr": "audrey's pet Hoggle", "action_flag": 2, "change_message": "Changed color."}}, {"model": "admin.logentry", "pk": 146, "fields": {"action_time": "2018-03-20T01:36:19.813Z", "user": 1, "content_type": 8, "object_id": "5", "object_repr": "audrey's pet Hoggle", "action_flag": 2, "change_message": "Changed color."}}, {"model": "admin.logentry", "pk": 147, "fields": {"action_time": "2018-03-20T01:36:38.383Z", "user": 1, "content_type": 12, "object_id": "39", "object_repr": "audrey's Black Potion", "action_flag": 1, "change_message": "Added."}}, {"model": "admin.logentry", "pk": 148, "fields": {"action_time": "2018-03-20T01:36:45.729Z", "user": 1, "content_type": 12, "object_id": "40", "object_repr": "audrey's Dino Potion", "action_flag": 1, "change_message": "Added."}}, {"model": "admin.logentry", "pk": 149, "fields": {"action_time": "2018-03-20T01:39:50.831Z", "user": 1, "content_type": 8, "object_id": "5", "object_repr": "audrey's pet Hoggle", "action_flag": 2, "change_message": "Changed color and animal."}}, {"model": "admin.logentry", "pk": 150, "fields": {"action_time": "2018-03-20T02:32:14.444Z", "user": 1, "content_type": 11, "object_id": "31", "object_repr": "Cloud Potion", "action_flag": 1, "change_message": "Added."}}, {"model": "admin.logentry", "pk": 151, "fields": {"action_time": "2018-03-20T02:32:25.054Z", "user": 1, "content_type": 8, "object_id": "5", "object_repr": "audrey's pet Hoggle", "action_flag": 2, "change_message": "Changed color."}}, {"model": "admin.logentry", "pk": 152, "fields": {"action_time": "2018-03-20T02:57:18.610Z", "user": 1, "content_type": 11, "object_id": "32", "object_repr": "Tiger Potion", "action_flag": 1, "change_message": "Added."}}, {"model": "admin.logentry", "pk": 153, "fields": {"action_time": "2018-03-20T02:57:37.714Z", "user": 1, "content_type": 8, "object_id": "5", "object_repr": "audrey's pet Hoggle", "action_flag": 2, "change_message": "Changed color."}}, {"model": "admin.logentry", "pk": 154, "fields": {"action_time": "2018-03-20T03:12:36.092Z", "user": 1, "content_type": 11, "object_id": "33", "object_repr": "Sea Potion", "action_flag": 1, "change_message": "Added."}}, {"model": "admin.logentry", "pk": 155, "fields": {"action_time": "2018-03-20T03:13:06.113Z", "user": 1, "content_type": 8, "object_id": "5", "object_repr": "audrey's pet Hoggle", "action_flag": 2, "change_message": "Changed color."}}, {"model": "admin.logentry", "pk": 156, "fields": {"action_time": "2018-03-20T03:36:59.334Z", "user": 1, "content_type": 8, "object_id": "5", "object_repr": "audrey's pet Hoggle", "action_flag": 2, "change_message": "Changed color."}}, {"model": "admin.logentry", "pk": 157, "fields": {"action_time": "2018-03-20T03:37:20.302Z", "user": 1, "content_type": 11, "object_id": "34", "object_repr": "Glitter Potion", "action_flag": 1, "change_message": "Added."}}, {"model": "admin.logentry", "pk": 158, "fields": {"action_time": "2018-03-20T03:59:09.231Z", "user": 1, "content_type": 11, "object_id": "35", "object_repr": "Gingham Potion", "action_flag": 1, "change_message": "Added."}}, {"model": "admin.logentry", "pk": 159, "fields": {"action_time": "2018-03-20T03:59:18.067Z", "user": 1, "content_type": 8, "object_id": "5", "object_repr": "audrey's pet Hoggle", "action_flag": 2, "change_message": "Changed color."}}, {"model": "admin.logentry", "pk": 160, "fields": {"action_time": "2018-03-20T04:01:08.011Z", "user": 1, "content_type": 8, "object_id": "5", "object_repr": "audrey's pet Hoggle", "action_flag": 2, "change_message": "Changed color."}}, {"model": "admin.logentry", "pk": 161, "fields": {"action_time": "2018-03-20T04:01:29.483Z", "user": 1, "content_type": 24, "object_id": "61", "object_repr": "Score object", "action_flag": 3, "change_message": ""}}, {"model": "admin.logentry", "pk": 162, "fields": {"action_time": "2018-03-20T04:01:29.486Z", "user": 1, "content_type": 24, "object_id": "60", "object_repr": "Score object", "action_flag": 3, "change_message": ""}}, {"model": "admin.logentry", "pk": 163, "fields": {"action_time": "2018-03-20T04:01:29.489Z", "user": 1, "content_type": 24, "object_id": "59", "object_repr": "Score object", "action_flag": 3, "change_message": ""}}, {"model": "admin.logentry", "pk": 164, "fields": {"action_time": "2018-03-20T04:01:29.491Z", "user": 1, "content_type": 24, "object_id": "58", "object_repr": "Score object", "action_flag": 3, "change_message": ""}}, {"model": "admin.logentry", "pk": 165, "fields": {"action_time": "2018-03-20T04:01:29.493Z", "user": 1, "content_type": 24, "object_id": "57", "object_repr": "Score object", "action_flag": 3, "change_message": ""}}, {"model": "admin.logentry", "pk": 166, "fields": {"action_time": "2018-03-20T04:01:29.495Z", "user": 1, "content_type": 24, "object_id": "56", "object_repr": "Score object", "action_flag": 3, "change_message": ""}}, {"model": "admin.logentry", "pk": 167, "fields": {"action_time": "2018-03-20T04:01:29.497Z", "user": 1, "content_type": 24, "object_id": "55", "object_repr": "Score object", "action_flag": 3, "change_message": ""}}, {"model": "admin.logentry", "pk": 168, "fields": {"action_time": "2018-03-20T04:01:29.500Z", "user": 1, "content_type": 24, "object_id": "54", "object_repr": "Score object", "action_flag": 3, "change_message": ""}}, {"model": "admin.logentry", "pk": 169, "fields": {"action_time": "2018-03-20T04:01:29.502Z", "user": 1, "content_type": 24, "object_id": "53", "object_repr": "Score object", "action_flag": 3, "change_message": ""}}, {"model": "admin.logentry", "pk": 170, "fields": {"action_time": "2018-03-20T04:01:29.505Z", "user": 1, "content_type": 24, "object_id": "52", "object_repr": "Score object", "action_flag": 3, "change_message": ""}}, {"model": "admin.logentry", "pk": 171, "fields": {"action_time": "2018-03-20T04:01:29.507Z", "user": 1, "content_type": 24, "object_id": "51", "object_repr": "Score object", "action_flag": 3, "change_message": ""}}, {"model": "admin.logentry", "pk": 172, "fields": {"action_time": "2018-03-20T04:01:29.509Z", "user": 1, "content_type": 24, "object_id": "50", "object_repr": "Score object", "action_flag": 3, "change_message": ""}}, {"model": "admin.logentry", "pk": 173, "fields": {"action_time": "2018-03-20T04:01:29.512Z", "user": 1, "content_type": 24, "object_id": "49", "object_repr": "Score object", "action_flag": 3, "change_message": ""}}, {"model": "admin.logentry", "pk": 174, "fields": {"action_time": "2018-03-20T04:01:29.514Z", "user": 1, "content_type": 24, "object_id": "48", "object_repr": "Score object", "action_flag": 3, "change_message": ""}}, {"model": "admin.logentry", "pk": 175, "fields": {"action_time": "2018-03-20T04:01:29.516Z", "user": 1, "content_type": 24, "object_id": "47", "object_repr": "Score object", "action_flag": 3, "change_message": ""}}, {"model": "admin.logentry", "pk": 176, "fields": {"action_time": "2018-03-20T04:01:29.518Z", "user": 1, "content_type": 24, "object_id": "46", "object_repr": "Score object", "action_flag": 3, "change_message": ""}}, {"model": "admin.logentry", "pk": 177, "fields": {"action_time": "2018-03-20T04:01:29.520Z", "user": 1, "content_type": 24, "object_id": "45", "object_repr": "Score object", "action_flag": 3, "change_message": ""}}, {"model": "admin.logentry", "pk": 178, "fields": {"action_time": "2018-03-20T04:01:29.522Z", "user": 1, "content_type": 24, "object_id": "44", "object_repr": "Score object", "action_flag": 3, "change_message": ""}}, {"model": "admin.logentry", "pk": 179, "fields": {"action_time": "2018-03-20T04:01:29.524Z", "user": 1, "content_type": 24, "object_id": "43", "object_repr": "Score object", "action_flag": 3, "change_message": ""}}, {"model": "admin.logentry", "pk": 180, "fields": {"action_time": "2018-03-20T04:01:29.526Z", "user": 1, "content_type": 24, "object_id": "42", "object_repr": "Score object", "action_flag": 3, "change_message": ""}}, {"model": "admin.logentry", "pk": 181, "fields": {"action_time": "2018-03-20T04:01:29.528Z", "user": 1, "content_type": 24, "object_id": "41", "object_repr": "Score object", "action_flag": 3, "change_message": ""}}, {"model": "admin.logentry", "pk": 182, "fields": {"action_time": "2018-03-20T04:01:29.530Z", "user": 1, "content_type": 24, "object_id": "40", "object_repr": "Score object", "action_flag": 3, "change_message": ""}}, {"model": "admin.logentry", "pk": 183, "fields": {"action_time": "2018-03-20T04:01:29.532Z", "user": 1, "content_type": 24, "object_id": "39", "object_repr": "Score object", "action_flag": 3, "change_message": ""}}, {"model": "admin.logentry", "pk": 184, "fields": {"action_time": "2018-03-20T04:01:29.534Z", "user": 1, "content_type": 24, "object_id": "38", "object_repr": "Score object", "action_flag": 3, "change_message": ""}}, {"model": "admin.logentry", "pk": 185, "fields": {"action_time": "2018-03-20T04:01:29.537Z", "user": 1, "content_type": 24, "object_id": "37", "object_repr": "Score object", "action_flag": 3, "change_message": ""}}, {"model": "admin.logentry", "pk": 186, "fields": {"action_time": "2018-03-20T04:01:29.538Z", "user": 1, "content_type": 24, "object_id": "36", "object_repr": "Score object", "action_flag": 3, "change_message": ""}}, {"model": "admin.logentry", "pk": 187, "fields": {"action_time": "2018-03-20T04:01:29.540Z", "user": 1, "content_type": 24, "object_id": "35", "object_repr": "Score object", "action_flag": 3, "change_message": ""}}, {"model": "admin.logentry", "pk": 188, "fields": {"action_time": "2018-03-20T04:01:29.542Z", "user": 1, "content_type": 24, "object_id": "34", "object_repr": "Score object", "action_flag": 3, "change_message": ""}}, {"model": "admin.logentry", "pk": 189, "fields": {"action_time": "2018-03-20T04:01:29.544Z", "user": 1, "content_type": 24, "object_id": "33", "object_repr": "Score object", "action_flag": 3, "change_message": ""}}, {"model": "admin.logentry", "pk": 190, "fields": {"action_time": "2018-03-20T04:01:29.546Z", "user": 1, "content_type": 24, "object_id": "32", "object_repr": "Score object", "action_flag": 3, "change_message": ""}}, {"model": "admin.logentry", "pk": 191, "fields": {"action_time": "2018-03-20T04:01:29.548Z", "user": 1, "content_type": 24, "object_id": "31", "object_repr": "Score object", "action_flag": 3, "change_message": ""}}, {"model": "admin.logentry", "pk": 192, "fields": {"action_time": "2018-03-20T04:01:29.550Z", "user": 1, "content_type": 24, "object_id": "30", "object_repr": "Score object", "action_flag": 3, "change_message": ""}}, {"model": "admin.logentry", "pk": 193, "fields": {"action_time": "2018-03-20T04:01:29.552Z", "user": 1, "content_type": 24, "object_id": "29", "object_repr": "Score object", "action_flag": 3, "change_message": ""}}, {"model": "admin.logentry", "pk": 194, "fields": {"action_time": "2018-03-20T04:01:29.554Z", "user": 1, "content_type": 24, "object_id": "28", "object_repr": "Score object", "action_flag": 3, "change_message": ""}}, {"model": "admin.logentry", "pk": 195, "fields": {"action_time": "2018-03-20T04:01:29.556Z", "user": 1, "content_type": 24, "object_id": "27", "object_repr": "Score object", "action_flag": 3, "change_message": ""}}, {"model": "admin.logentry", "pk": 196, "fields": {"action_time": "2018-03-20T04:01:29.558Z", "user": 1, "content_type": 24, "object_id": "26", "object_repr": "Score object", "action_flag": 3, "change_message": ""}}, {"model": "admin.logentry", "pk": 197, "fields": {"action_time": "2018-03-20T04:01:29.560Z", "user": 1, "content_type": 24, "object_id": "25", "object_repr": "Score object", "action_flag": 3, "change_message": ""}}, {"model": "admin.logentry", "pk": 198, "fields": {"action_time": "2018-03-20T04:01:29.562Z", "user": 1, "content_type": 24, "object_id": "24", "object_repr": "Score object", "action_flag": 3, "change_message": ""}}, {"model": "admin.logentry", "pk": 199, "fields": {"action_time": "2018-03-20T04:01:29.564Z", "user": 1, "content_type": 24, "object_id": "23", "object_repr": "Score object", "action_flag": 3, "change_message": ""}}, {"model": "admin.logentry", "pk": 200, "fields": {"action_time": "2018-03-20T04:01:29.566Z", "user": 1, "content_type": 24, "object_id": "22", "object_repr": "Score object", "action_flag": 3, "change_message": ""}}, {"model": "admin.logentry", "pk": 201, "fields": {"action_time": "2018-03-20T04:01:29.568Z", "user": 1, "content_type": 24, "object_id": "21", "object_repr": "Score object", "action_flag": 3, "change_message": ""}}, {"model": "admin.logentry", "pk": 202, "fields": {"action_time": "2018-03-20T04:01:29.570Z", "user": 1, "content_type": 24, "object_id": "20", "object_repr": "Score object", "action_flag": 3, "change_message": ""}}, {"model": "admin.logentry", "pk": 203, "fields": {"action_time": "2018-03-20T04:01:29.572Z", "user": 1, "content_type": 24, "object_id": "19", "object_repr": "Score object", "action_flag": 3, "change_message": ""}}, {"model": "admin.logentry", "pk": 204, "fields": {"action_time": "2018-03-20T04:01:29.573Z", "user": 1, "content_type": 24, "object_id": "18", "object_repr": "Score object", "action_flag": 3, "change_message": ""}}, {"model": "admin.logentry", "pk": 205, "fields": {"action_time": "2018-03-20T04:01:29.575Z", "user": 1, "content_type": 24, "object_id": "17", "object_repr": "Score object", "action_flag": 3, "change_message": ""}}, {"model": "admin.logentry", "pk": 206, "fields": {"action_time": "2018-03-20T04:01:29.576Z", "user": 1, "content_type": 24, "object_id": "16", "object_repr": "Score object", "action_flag": 3, "change_message": ""}}, {"model": "admin.logentry", "pk": 207, "fields": {"action_time": "2018-03-20T04:01:29.579Z", "user": 1, "content_type": 24, "object_id": "15", "object_repr": "Score object", "action_flag": 3, "change_message": ""}}, {"model": "admin.logentry", "pk": 208, "fields": {"action_time": "2018-03-20T04:01:29.581Z", "user": 1, "content_type": 24, "object_id": "14", "object_repr": "Score object", "action_flag": 3, "change_message": ""}}, {"model": "admin.logentry", "pk": 209, "fields": {"action_time": "2018-03-20T04:01:29.583Z", "user": 1, "content_type": 24, "object_id": "13", "object_repr": "Score object", "action_flag": 3, "change_message": ""}}, {"model": "admin.logentry", "pk": 210, "fields": {"action_time": "2018-03-20T04:01:29.584Z", "user": 1, "content_type": 24, "object_id": "12", "object_repr": "Score object", "action_flag": 3, "change_message": ""}}, {"model": "admin.logentry", "pk": 211, "fields": {"action_time": "2018-03-20T04:01:29.586Z", "user": 1, "content_type": 24, "object_id": "11", "object_repr": "Score object", "action_flag": 3, "change_message": ""}}, {"model": "admin.logentry", "pk": 212, "fields": {"action_time": "2018-03-20T04:01:29.589Z", "user": 1, "content_type": 24, "object_id": "10", "object_repr": "Score object", "action_flag": 3, "change_message": ""}}, {"model": "admin.logentry", "pk": 213, "fields": {"action_time": "2018-03-20T04:01:29.590Z", "user": 1, "content_type": 24, "object_id": "9", "object_repr": "Score object", "action_flag": 3, "change_message": ""}}, {"model": "admin.logentry", "pk": 214, "fields": {"action_time": "2018-03-20T04:01:29.591Z", "user": 1, "content_type": 24, "object_id": "8", "object_repr": "Score object", "action_flag": 3, "change_message": ""}}, {"model": "admin.logentry", "pk": 215, "fields": {"action_time": "2018-03-20T04:01:29.593Z", "user": 1, "content_type": 24, "object_id": "7", "object_repr": "Score object", "action_flag": 3, "change_message": ""}}, {"model": "admin.logentry", "pk": 216, "fields": {"action_time": "2018-03-20T04:01:29.594Z", "user": 1, "content_type": 24, "object_id": "6", "object_repr": "Score object", "action_flag": 3, "change_message": ""}}, {"model": "admin.logentry", "pk": 217, "fields": {"action_time": "2018-03-20T04:01:29.596Z", "user": 1, "content_type": 24, "object_id": "5", "object_repr": "Score object", "action_flag": 3, "change_message": ""}}, {"model": "admin.logentry", "pk": 218, "fields": {"action_time": "2018-03-20T04:01:29.597Z", "user": 1, "content_type": 24, "object_id": "4", "object_repr": "Score object", "action_flag": 3, "change_message": ""}}, {"model": "admin.logentry", "pk": 219, "fields": {"action_time": "2018-03-20T04:01:29.599Z", "user": 1, "content_type": 24, "object_id": "3", "object_repr": "Score object", "action_flag": 3, "change_message": ""}}, {"model": "admin.logentry", "pk": 220, "fields": {"action_time": "2018-03-20T04:01:29.600Z", "user": 1, "content_type": 24, "object_id": "2", "object_repr": "Score object", "action_flag": 3, "change_message": ""}}, {"model": "admin.logentry", "pk": 221, "fields": {"action_time": "2018-03-20T04:01:29.602Z", "user": 1, "content_type": 24, "object_id": "1", "object_repr": "Score object", "action_flag": 3, "change_message": ""}}, {"model": "admin.logentry", "pk": 222, "fields": {"action_time": "2018-03-20T05:00:49.484Z", "user": 1, "content_type": 10, "object_id": "10", "object_repr": "plush", "action_flag": 1, "change_message": "Added."}}, {"model": "admin.logentry", "pk": 223, "fields": {"action_time": "2018-03-20T05:01:54.136Z", "user": 1, "content_type": 11, "object_id": "36", "object_repr": "Black Mouse Plush", "action_flag": 1, "change_message": "Added."}}, {"model": "admin.logentry", "pk": 224, "fields": {"action_time": "2018-03-20T05:02:16.641Z", "user": 1, "content_type": 11, "object_id": "37", "object_repr": "Blue Mouse Plush", "action_flag": 1, "change_message": "Added."}}, {"model": "admin.logentry", "pk": 225, "fields": {"action_time": "2018-03-20T05:02:50.044Z", "user": 1, "content_type": 11, "object_id": "38", "object_repr": "Cloud Mouse Plush", "action_flag": 1, "change_message": "Added."}}, {"model": "admin.logentry", "pk": 226, "fields": {"action_time": "2018-03-20T05:03:04.917Z", "user": 1, "content_type": 11, "object_id": "39", "object_repr": "Gingham Mouse Plush", "action_flag": 1, "change_message": "Added."}}, {"model": "admin.logentry", "pk": 227, "fields": {"action_time": "2018-03-20T05:03:20.842Z", "user": 1, "content_type": 11, "object_id": "40", "object_repr": "Glitter Mouse Plush", "action_flag": 1, "change_message": "Added."}}, {"model": "admin.logentry", "pk": 228, "fields": {"action_time": "2018-03-20T05:03:45.974Z", "user": 1, "content_type": 11, "object_id": "41", "object_repr": "Green Mouse Plush", "action_flag": 1, "change_message": "Added."}}, {"model": "admin.logentry", "pk": 229, "fields": {"action_time": "2018-03-20T05:04:03.686Z", "user": 1, "content_type": 11, "object_id": "42", "object_repr": "Red Mouse Plush", "action_flag": 1, "change_message": "Added."}}, {"model": "admin.logentry", "pk": 230, "fields": {"action_time": "2018-03-20T05:04:09.889Z", "user": 1, "content_type": 11, "object_id": "41", "object_repr": "Green Mouse Plush", "action_flag": 2, "change_message": "Changed price_class."}}, {"model": "admin.logentry", "pk": 231, "fields": {"action_time": "2018-03-20T05:04:27.702Z", "user": 1, "content_type": 11, "object_id": "43", "object_repr": "Sea Mouse Plush", "action_flag": 1, "change_message": "Added."}}, {"model": "admin.logentry", "pk": 232, "fields": {"action_time": "2018-03-20T05:04:43.747Z", "user": 1, "content_type": 11, "object_id": "44", "object_repr": "Tiger Mouse Plush", "action_flag": 1, "change_message": "Added."}}, {"model": "admin.logentry", "pk": 233, "fields": {"action_time": "2018-03-20T05:05:00.926Z", "user": 1, "content_type": 11, "object_id": "45", "object_repr": "Yellow Mouse Plush", "action_flag": 1, "change_message": "Added."}}, {"model": "admin.logentry", "pk": 234, "fields": {"action_time": "2018-03-20T05:10:45.886Z", "user": 1, "content_type": 13, "object_id": "5", "object_repr": "Shop Plush", "action_flag": 1, "change_message": "Added."}}, {"model": "admin.logentry", "pk": 235, "fields": {"action_time": "2018-03-20T05:36:27.470Z", "user": 1, "content_type": 11, "object_id": "45", "object_repr": "Yellow Mouse Plush", "action_flag": 2, "change_message": "Changed collectible."}}, {"model": "admin.logentry", "pk": 236, "fields": {"action_time": "2018-03-20T05:36:37.220Z", "user": 1, "content_type": 11, "object_id": "36", "object_repr": "Black Mouse Plush", "action_flag": 2, "change_message": "Changed collectible."}}, {"model": "admin.logentry", "pk": 237, "fields": {"action_time": "2018-03-20T05:36:40.687Z", "user": 1, "content_type": 11, "object_id": "44", "object_repr": "Tiger Mouse Plush", "action_flag": 2, "change_message": "Changed collectible."}}, {"model": "admin.logentry", "pk": 238, "fields": {"action_time": "2018-03-20T05:36:43.501Z", "user": 1, "content_type": 11, "object_id": "43", "object_repr": "Sea Mouse Plush", "action_flag": 2, "change_message": "Changed collectible."}}, {"model": "admin.logentry", "pk": 239, "fields": {"action_time": "2018-03-20T05:36:46.325Z", "user": 1, "content_type": 11, "object_id": "42", "object_repr": "Red Mouse Plush", "action_flag": 2, "change_message": "Changed collectible."}}, {"model": "admin.logentry", "pk": 240, "fields": {"action_time": "2018-03-20T05:36:48.979Z", "user": 1, "content_type": 11, "object_id": "41", "object_repr": "Green Mouse Plush", "action_flag": 2, "change_message": "Changed collectible."}}, {"model": "admin.logentry", "pk": 241, "fields": {"action_time": "2018-03-20T05:36:51.787Z", "user": 1, "content_type": 11, "object_id": "40", "object_repr": "Glitter Mouse Plush", "action_flag": 2, "change_message": "Changed collectible."}}, {"model": "admin.logentry", "pk": 242, "fields": {"action_time": "2018-03-20T05:36:55.036Z", "user": 1, "content_type": 11, "object_id": "39", "object_repr": "Gingham Mouse Plush", "action_flag": 2, "change_message": "Changed collectible."}}, {"model": "admin.logentry", "pk": 243, "fields": {"action_time": "2018-03-20T05:36:57.729Z", "user": 1, "content_type": 11, "object_id": "38", "object_repr": "Cloud Mouse Plush", "action_flag": 2, "change_message": "Changed collectible."}}, {"model": "admin.logentry", "pk": 244, "fields": {"action_time": "2018-03-20T05:37:01.914Z", "user": 1, "content_type": 11, "object_id": "37", "object_repr": "Blue Mouse Plush", "action_flag": 2, "change_message": "Changed collectible."}}, {"model": "admin.logentry", "pk": 245, "fields": {"action_time": "2018-03-20T05:48:58.701Z", "user": 1, "content_type": 11, "object_id": "46", "object_repr": "Black Dino Plush", "action_flag": 1, "change_message": "Added."}}, {"model": "admin.logentry", "pk": 246, "fields": {"action_time": "2018-03-20T05:49:15.650Z", "user": 1, "content_type": 11, "object_id": "47", "object_repr": "Blue Dino Plush", "action_flag": 1, "change_message": "Added."}}, {"model": "admin.logentry", "pk": 247, "fields": {"action_time": "2018-03-20T05:49:37.987Z", "user": 1, "content_type": 11, "object_id": "48", "object_repr": "Cloud Dino Plush", "action_flag": 1, "change_message": "Added."}}, {"model": "admin.logentry", "pk": 248, "fields": {"action_time": "2018-03-20T05:49:56.091Z", "user": 1, "content_type": 11, "object_id": "49", "object_repr": "Gingham Dino Plush", "action_flag": 1, "change_message": "Added."}}, {"model": "admin.logentry", "pk": 249, "fields": {"action_time": "2018-03-20T05:50:11.109Z", "user": 1, "content_type": 11, "object_id": "50", "object_repr": "Glitter Dino Plush", "action_flag": 1, "change_message": "Added."}}, {"model": "admin.logentry", "pk": 250, "fields": {"action_time": "2018-03-20T05:50:22.739Z", "user": 1, "content_type": 11, "object_id": "50", "object_repr": "Glitter Dino Plush", "action_flag": 2, "change_message": "Changed price_class."}}, {"model": "admin.logentry", "pk": 251, "fields": {"action_time": "2018-03-20T05:50:26.555Z", "user": 1, "content_type": 11, "object_id": "49", "object_repr": "Gingham Dino Plush", "action_flag": 2, "change_message": "Changed price_class."}}, {"model": "admin.logentry", "pk": 252, "fields": {"action_time": "2018-03-20T05:50:30.355Z", "user": 1, "content_type": 11, "object_id": "48", "object_repr": "Cloud Dino Plush", "action_flag": 2, "change_message": "Changed price_class."}}, {"model": "admin.logentry", "pk": 253, "fields": {"action_time": "2018-03-20T05:50:43.144Z", "user": 1, "content_type": 11, "object_id": "51", "object_repr": "Green Dino Plush", "action_flag": 1, "change_message": "Added."}}, {"model": "admin.logentry", "pk": 254, "fields": {"action_time": "2018-03-20T05:50:58.757Z", "user": 1, "content_type": 11, "object_id": "52", "object_repr": "Red Dino Plush", "action_flag": 1, "change_message": "Added."}}, {"model": "admin.logentry", "pk": 255, "fields": {"action_time": "2018-03-20T05:51:14.654Z", "user": 1, "content_type": 11, "object_id": "53", "object_repr": "Sea Dino Plush", "action_flag": 1, "change_message": "Added."}}, {"model": "admin.logentry", "pk": 256, "fields": {"action_time": "2018-03-20T05:51:36.064Z", "user": 1, "content_type": 11, "object_id": "54", "object_repr": "Tiger Dino Plush", "action_flag": 1, "change_message": "Added."}}, {"model": "admin.logentry", "pk": 257, "fields": {"action_time": "2018-03-20T05:51:49.428Z", "user": 1, "content_type": 11, "object_id": "55", "object_repr": "Yellow Dino Plush", "action_flag": 1, "change_message": "Added."}}, {"model": "admin.logentry", "pk": 258, "fields": {"action_time": "2018-03-20T06:16:31.080Z", "user": 1, "content_type": 8, "object_id": "5", "object_repr": "audrey's pet Hoggle", "action_flag": 2, "change_message": "Changed color and animal."}}, {"model": "admin.logentry", "pk": 259, "fields": {"action_time": "2018-03-20T06:55:26.326Z", "user": 1, "content_type": 28, "object_id": "1", "object_repr": "audrey's Gallery", "action_flag": 3, "change_message": ""}}, {"model": "admin.logentry", "pk": 260, "fields": {"action_time": "2018-03-20T23:39:35.759Z", "user": 1, "content_type": 12, "object_id": "23", "object_repr": "audrey's Red Dino Plush", "action_flag": 1, "change_message": "Added."}}, {"model": "admin.logentry", "pk": 261, "fields": {"action_time": "2018-03-21T00:49:44.526Z", "user": 1, "content_type": 29, "object_id": "1", "object_repr": "audrey's message to audrey", "action_flag": 1, "change_message": "Added."}}, {"model": "admin.logentry", "pk": 262, "fields": {"action_time": "2018-03-21T01:09:00.381Z", "user": 1, "content_type": 8, "object_id": "5", "object_repr": "audrey's pet JDA", "action_flag": 2, "change_message": "Changed name, color and animal."}}, {"model": "admin.logentry", "pk": 263, "fields": {"action_time": "2018-03-21T01:25:04.038Z", "user": 1, "content_type": 29, "object_id": "2", "object_repr": "example's message to audrey", "action_flag": 2, "change_message": "Changed sending_user and receiving_user."}}, {"model": "admin.logentry", "pk": 264, "fields": {"action_time": "2018-03-21T01:59:43.806Z", "user": 1, "content_type": 29, "object_id": "1", "object_repr": "audrey's message to audrey", "action_flag": 2, "change_message": "Changed deleted_by_receiver."}}, {"model": "admin.logentry", "pk": 265, "fields": {"action_time": "2018-03-21T02:00:29.360Z", "user": 1, "content_type": 29, "object_id": "1", "object_repr": "audrey's message to example", "action_flag": 2, "change_message": "Changed receiving_user and deleted_by_receiver."}}, {"model": "admin.logentry", "pk": 266, "fields": {"action_time": "2018-03-21T02:00:36.896Z", "user": 1, "content_type": 29, "object_id": "3", "object_repr": "audrey's message to example", "action_flag": 2, "change_message": "Changed receiving_user."}}, {"model": "admin.logentry", "pk": 267, "fields": {"action_time": "2018-03-21T02:00:51.468Z", "user": 1, "content_type": 29, "object_id": "3", "object_repr": "audrey's message to example", "action_flag": 3, "change_message": ""}}, {"model": "admin.logentry", "pk": 268, "fields": {"action_time": "2018-03-21T02:00:51.472Z", "user": 1, "content_type": 29, "object_id": "1", "object_repr": "audrey's message to example", "action_flag": 3, "change_message": ""}}, {"model": "admin.logentry", "pk": 269, "fields": {"action_time": "2018-03-21T02:01:57.573Z", "user": 1, "content_type": 29, "object_id": "4", "object_repr": "audrey's message to audrey", "action_flag": 3, "change_message": ""}}, {"model": "admin.logentry", "pk": 270, "fields": {"action_time": "2018-03-21T02:45:21.004Z", "user": 1, "content_type": 30, "object_id": "1", "object_repr": "Badge object", "action_flag": 2, "change_message": "Changed area."}}, {"model": "admin.logentry", "pk": 271, "fields": {"action_time": "2018-03-21T03:15:06.188Z", "user": 1, "content_type": 11, "object_id": "56", "object_repr": "Black Tapir Plush", "action_flag": 1, "change_message": "Added."}}, {"model": "admin.logentry", "pk": 272, "fields": {"action_time": "2018-03-21T03:15:21.292Z", "user": 1, "content_type": 11, "object_id": "57", "object_repr": "Blue Tapir Plush", "action_flag": 1, "change_message": "Added."}}, {"model": "admin.logentry", "pk": 273, "fields": {"action_time": "2018-03-21T03:16:17.273Z", "user": 1, "content_type": 11, "object_id": "58", "object_repr": "Cloud Tapir Plush", "action_flag": 1, "change_message": "Added."}}, {"model": "admin.logentry", "pk": 274, "fields": {"action_time": "2018-03-21T03:16:37.177Z", "user": 1, "content_type": 11, "object_id": "59", "object_repr": "Gingham Tapir Plush", "action_flag": 1, "change_message": "Added."}}, {"model": "admin.logentry", "pk": 275, "fields": {"action_time": "2018-03-21T03:16:43.119Z", "user": 1, "content_type": 11, "object_id": "58", "object_repr": "Cloud Tapir Plush", "action_flag": 2, "change_message": "Changed price_class."}}, {"model": "admin.logentry", "pk": 276, "fields": {"action_time": "2018-03-21T03:16:58.880Z", "user": 1, "content_type": 11, "object_id": "60", "object_repr": "Glitter Tapir Plush", "action_flag": 1, "change_message": "Added."}}, {"model": "admin.logentry", "pk": 277, "fields": {"action_time": "2018-03-21T03:17:43.550Z", "user": 1, "content_type": 11, "object_id": "61", "object_repr": "Green Tapir Plush", "action_flag": 1, "change_message": "Added."}}, {"model": "admin.logentry", "pk": 278, "fields": {"action_time": "2018-03-21T03:18:01.816Z", "user": 1, "content_type": 11, "object_id": "62", "object_repr": "Red Tapir Plush", "action_flag": 1, "change_message": "Added."}}, {"model": "admin.logentry", "pk": 279, "fields": {"action_time": "2018-03-21T03:18:18.525Z", "user": 1, "content_type": 11, "object_id": "63", "object_repr": "Sea Tapir Plush", "action_flag": 1, "change_message": "Added."}}, {"model": "admin.logentry", "pk": 280, "fields": {"action_time": "2018-03-21T03:18:36.812Z", "user": 1, "content_type": 11, "object_id": "64", "object_repr": "Tiger Tapir Plush", "action_flag": 1, "change_message": "Added."}}, {"model": "admin.logentry", "pk": 281, "fields": {"action_time": "2018-03-21T03:18:55.853Z", "user": 1, "content_type": 11, "object_id": "65", "object_repr": "Yellow Tapir Plush", "action_flag": 1, "change_message": "Added."}}, {"model": "admin.logentry", "pk": 282, "fields": {"action_time": "2018-03-21T05:38:11.823Z", "user": 1, "content_type": 11, "object_id": "66", "object_repr": "Black Lizard Plush", "action_flag": 1, "change_message": "Added."}}, {"model": "admin.logentry", "pk": 283, "fields": {"action_time": "2018-03-21T05:38:29.423Z", "user": 1, "content_type": 11, "object_id": "67", "object_repr": "Blue  Lizard Plush", "action_flag": 1, "change_message": "Added."}}, {"model": "admin.logentry", "pk": 284, "fields": {"action_time": "2018-03-21T05:38:51.018Z", "user": 1, "content_type": 11, "object_id": "68", "object_repr": "Gingham Lizard Plush", "action_flag": 1, "change_message": "Added."}}, {"model": "admin.logentry", "pk": 285, "fields": {"action_time": "2018-03-21T05:39:07.092Z", "user": 1, "content_type": 11, "object_id": "69", "object_repr": "Glitter Lizard Plush", "action_flag": 1, "change_message": "Added."}}, {"model": "admin.logentry", "pk": 286, "fields": {"action_time": "2018-03-21T05:39:27.688Z", "user": 1, "content_type": 11, "object_id": "70", "object_repr": "Green Lizard Plush", "action_flag": 1, "change_message": "Added."}}, {"model": "admin.logentry", "pk": 287, "fields": {"action_time": "2018-03-21T05:39:40.922Z", "user": 1, "content_type": 11, "object_id": "71", "object_repr": "Red Lizard Plush", "action_flag": 1, "change_message": "Added."}}, {"model": "admin.logentry", "pk": 288, "fields": {"action_time": "2018-03-21T05:39:56.236Z", "user": 1, "content_type": 11, "object_id": "72", "object_repr": "Sea Lizard Plush", "action_flag": 1, "change_message": "Added."}}, {"model": "admin.logentry", "pk": 289, "fields": {"action_time": "2018-03-21T05:40:23.399Z", "user": 1, "content_type": 11, "object_id": "73", "object_repr": "Cloud Lizard Plush", "action_flag": 1, "change_message": "Added."}}, {"model": "admin.logentry", "pk": 290, "fields": {"action_time": "2018-03-21T05:40:54.881Z", "user": 1, "content_type": 11, "object_id": "74", "object_repr": "Tiger Lizard Plush", "action_flag": 1, "change_message": "Added."}}, {"model": "admin.logentry", "pk": 291, "fields": {"action_time": "2018-03-21T05:41:06.547Z", "user": 1, "content_type": 11, "object_id": "75", "object_repr": "Yellow Lizard Plush", "action_flag": 1, "change_message": "Added."}}, {"model": "admin.logentry", "pk": 292, "fields": {"action_time": "2018-03-21T06:13:53.442Z", "user": 1, "content_type": 11, "object_id": "76", "object_repr": "Black Monkey Plush", "action_flag": 1, "change_message": "Added."}}, {"model": "admin.logentry", "pk": 293, "fields": {"action_time": "2018-03-21T06:14:09.279Z", "user": 1, "content_type": 11, "object_id": "77", "object_repr": "Blue Monkey Plush", "action_flag": 1, "change_message": "Added."}}, {"model": "admin.logentry", "pk": 294, "fields": {"action_time": "2018-03-21T06:14:24.974Z", "user": 1, "content_type": 11, "object_id": "78", "object_repr": "Cloud Monkey Plush", "action_flag": 1, "change_message": "Added."}}, {"model": "admin.logentry", "pk": 295, "fields": {"action_time": "2018-03-21T06:14:43.510Z", "user": 1, "content_type": 11, "object_id": "79", "object_repr": "Gingham Monkey Plush", "action_flag": 1, "change_message": "Added."}}, {"model": "admin.logentry", "pk": 296, "fields": {"action_time": "2018-03-21T06:14:49.826Z", "user": 1, "content_type": 11, "object_id": "79", "object_repr": "Gingham Monkey Plush", "action_flag": 2, "change_message": "Changed happiness."}}, {"model": "admin.logentry", "pk": 297, "fields": {"action_time": "2018-03-21T06:15:06.476Z", "user": 1, "content_type": 11, "object_id": "80", "object_repr": "Glitter Monkey Plush", "action_flag": 1, "change_message": "Added."}}, {"model": "admin.logentry", "pk": 298, "fields": {"action_time": "2018-03-21T06:15:22.430Z", "user": 1, "content_type": 11, "object_id": "81", "object_repr": "Green Monkey Plush", "action_flag": 1, "change_message": "Added."}}, {"model": "admin.logentry", "pk": 299, "fields": {"action_time": "2018-03-21T06:15:38.785Z", "user": 1, "content_type": 11, "object_id": "82", "object_repr": "Red Monkey Plush", "action_flag": 1, "change_message": "Added."}}, {"model": "admin.logentry", "pk": 300, "fields": {"action_time": "2018-03-21T06:15:57.733Z", "user": 1, "content_type": 11, "object_id": "83", "object_repr": "Sea Monkey Plush", "action_flag": 1, "change_message": "Added."}}, {"model": "admin.logentry", "pk": 301, "fields": {"action_time": "2018-03-21T06:16:14.237Z", "user": 1, "content_type": 11, "object_id": "84", "object_repr": "Tiger Monkey Plush", "action_flag": 1, "change_message": "Added."}}, {"model": "admin.logentry", "pk": 302, "fields": {"action_time": "2018-03-21T06:16:29.299Z", "user": 1, "content_type": 11, "object_id": "85", "object_repr": "Yellow Monkey Plush", "action_flag": 1, "change_message": "Added."}}, {"model": "admin.logentry", "pk": 303, "fields": {"action_time": "2018-03-21T06:21:17.751Z", "user": 1, "content_type": 11, "object_id": "84", "object_repr": "Tiger Monkey Plush", "action_flag": 2, "change_message": "Changed rarity."}}, {"model": "admin.logentry", "pk": 304, "fields": {"action_time": "2018-03-21T06:21:21.817Z", "user": 1, "content_type": 11, "object_id": "83", "object_repr": "Sea Monkey Plush", "action_flag": 2, "change_message": "Changed rarity."}}, {"model": "admin.logentry", "pk": 305, "fields": {"action_time": "2018-03-21T06:21:25.315Z", "user": 1, "content_type": 11, "object_id": "80", "object_repr": "Glitter Monkey Plush", "action_flag": 2, "change_message": "Changed rarity."}}, {"model": "admin.logentry", "pk": 306, "fields": {"action_time": "2018-03-21T06:21:29.616Z", "user": 1, "content_type": 11, "object_id": "79", "object_repr": "Gingham Monkey Plush", "action_flag": 2, "change_message": "Changed rarity."}}, {"model": "admin.logentry", "pk": 307, "fields": {"action_time": "2018-03-21T06:21:34.256Z", "user": 1, "content_type": 11, "object_id": "78", "object_repr": "Cloud Monkey Plush", "action_flag": 2, "change_message": "Changed rarity."}}, {"model": "admin.logentry", "pk": 308, "fields": {"action_time": "2018-03-21T06:22:09.702Z", "user": 1, "content_type": 11, "object_id": "74", "object_repr": "Tiger Lizard Plush", "action_flag": 2, "change_message": "Changed rarity."}}, {"model": "admin.logentry", "pk": 309, "fields": {"action_time": "2018-03-21T06:22:14.474Z", "user": 1, "content_type": 11, "object_id": "73", "object_repr": "Cloud Lizard Plush", "action_flag": 2, "change_message": "Changed rarity."}}, {"model": "admin.logentry", "pk": 310, "fields": {"action_time": "2018-03-21T06:22:18.105Z", "user": 1, "content_type": 11, "object_id": "72", "object_repr": "Sea Lizard Plush", "action_flag": 2, "change_message": "Changed rarity."}}, {"model": "admin.logentry", "pk": 311, "fields": {"action_time": "2018-03-21T06:22:21.201Z", "user": 1, "content_type": 11, "object_id": "69", "object_repr": "Glitter Lizard Plush", "action_flag": 2, "change_message": "Changed rarity."}}, {"model": "admin.logentry", "pk": 312, "fields": {"action_time": "2018-03-21T06:22:25.221Z", "user": 1, "content_type": 11, "object_id": "68", "object_repr": "Gingham Lizard Plush", "action_flag": 2, "change_message": "Changed rarity."}}, {"model": "admin.logentry", "pk": 313, "fields": {"action_time": "2018-03-21T06:22:28.734Z", "user": 1, "content_type": 11, "object_id": "64", "object_repr": "Tiger Tapir Plush", "action_flag": 2, "change_message": "Changed rarity."}}, {"model": "admin.logentry", "pk": 314, "fields": {"action_time": "2018-03-21T06:22:32.101Z", "user": 1, "content_type": 11, "object_id": "63", "object_repr": "Sea Tapir Plush", "action_flag": 2, "change_message": "Changed rarity."}}, {"model": "admin.logentry", "pk": 315, "fields": {"action_time": "2018-03-21T06:22:36.676Z", "user": 1, "content_type": 11, "object_id": "60", "object_repr": "Glitter Tapir Plush", "action_flag": 2, "change_message": "Changed rarity."}}, {"model": "admin.logentry", "pk": 316, "fields": {"action_time": "2018-03-21T06:22:40.412Z", "user": 1, "content_type": 11, "object_id": "59", "object_repr": "Gingham Tapir Plush", "action_flag": 2, "change_message": "Changed rarity."}}, {"model": "admin.logentry", "pk": 317, "fields": {"action_time": "2018-03-21T06:22:44.095Z", "user": 1, "content_type": 11, "object_id": "58", "object_repr": "Cloud Tapir Plush", "action_flag": 2, "change_message": "Changed rarity."}}, {"model": "admin.logentry", "pk": 318, "fields": {"action_time": "2018-03-21T06:23:04.965Z", "user": 1, "content_type": 11, "object_id": "54", "object_repr": "Tiger Dino Plush", "action_flag": 2, "change_message": "Changed rarity."}}, {"model": "admin.logentry", "pk": 319, "fields": {"action_time": "2018-03-21T06:23:08.509Z", "user": 1, "content_type": 11, "object_id": "53", "object_repr": "Sea Dino Plush", "action_flag": 2, "change_message": "Changed rarity."}}, {"model": "admin.logentry", "pk": 320, "fields": {"action_time": "2018-03-21T06:23:12.045Z", "user": 1, "content_type": 11, "object_id": "50", "object_repr": "Glitter Dino Plush", "action_flag": 2, "change_message": "Changed rarity."}}, {"model": "admin.logentry", "pk": 321, "fields": {"action_time": "2018-03-21T06:23:15.738Z", "user": 1, "content_type": 11, "object_id": "49", "object_repr": "Gingham Dino Plush", "action_flag": 2, "change_message": "Changed rarity."}}, {"model": "admin.logentry", "pk": 322, "fields": {"action_time": "2018-03-21T06:23:18.909Z", "user": 1, "content_type": 11, "object_id": "48", "object_repr": "Cloud Dino Plush", "action_flag": 2, "change_message": "Changed rarity."}}, {"model": "admin.logentry", "pk": 323, "fields": {"action_time": "2018-03-21T06:23:22.491Z", "user": 1, "content_type": 11, "object_id": "44", "object_repr": "Tiger Mouse Plush", "action_flag": 2, "change_message": "Changed rarity."}}, {"model": "admin.logentry", "pk": 324, "fields": {"action_time": "2018-03-21T06:23:25.655Z", "user": 1, "content_type": 11, "object_id": "43", "object_repr": "Sea Mouse Plush", "action_flag": 2, "change_message": "Changed rarity."}}, {"model": "admin.logentry", "pk": 325, "fields": {"action_time": "2018-03-21T06:23:32.306Z", "user": 1, "content_type": 11, "object_id": "40", "object_repr": "Glitter Mouse Plush", "action_flag": 2, "change_message": "Changed rarity."}}, {"model": "admin.logentry", "pk": 326, "fields": {"action_time": "2018-03-21T06:23:37.548Z", "user": 1, "content_type": 11, "object_id": "39", "object_repr": "Gingham Mouse Plush", "action_flag": 2, "change_message": "Changed rarity."}}, {"model": "admin.logentry", "pk": 327, "fields": {"action_time": "2018-03-21T06:23:41.855Z", "user": 1, "content_type": 11, "object_id": "38", "object_repr": "Cloud Mouse Plush", "action_flag": 2, "change_message": "Changed rarity."}}, {"model": "admin.logentry", "pk": 328, "fields": {"action_time": "2018-03-21T21:31:33.386Z", "user": 1, "content_type": 10, "object_id": "11", "object_repr": "stat potion", "action_flag": 1, "change_message": "Added."}}, {"model": "admin.logentry", "pk": 329, "fields": {"action_time": "2018-03-21T21:32:08.507Z", "user": 1, "content_type": 11, "object_id": "86", "object_repr": "Hunger Potion", "action_flag": 1, "change_message": "Added."}}, {"model": "admin.logentry", "pk": 330, "fields": {"action_time": "2018-03-21T21:32:37.202Z", "user": 1, "content_type": 11, "object_id": "87", "object_repr": "Happiness Potion", "action_flag": 1, "change_message": "Added."}}, {"model": "admin.logentry", "pk": 331, "fields": {"action_time": "2018-03-21T21:33:08.906Z", "user": 1, "content_type": 11, "object_id": "88", "object_repr": "Wellness Potion", "action_flag": 1, "change_message": "Added."}}, {"model": "admin.logentry", "pk": 332, "fields": {"action_time": "2018-03-21T21:33:13.428Z", "user": 1, "content_type": 11, "object_id": "87", "object_repr": "Happiness Potion", "action_flag": 2, "change_message": "Changed price_class."}}, {"model": "admin.logentry", "pk": 333, "fields": {"action_time": "2018-03-21T21:33:19.408Z", "user": 1, "content_type": 11, "object_id": "86", "object_repr": "Hunger Potion", "action_flag": 2, "change_message": "Changed price_class."}}, {"model": "admin.logentry", "pk": 334, "fields": {"action_time": "2018-03-21T21:34:50.204Z", "user": 1, "content_type": 11, "object_id": "88", "object_repr": "Wellness Potion", "action_flag": 2, "change_message": "Changed url."}}, {"model": "admin.logentry", "pk": 335, "fields": {"action_time": "2018-03-21T23:59:45.860Z", "user": 1, "content_type": 11, "object_id": "89", "object_repr": "Apricot", "action_flag": 1, "change_message": "Added."}}, {"model": "admin.logentry", "pk": 336, "fields": {"action_time": "2018-03-22T00:00:08.440Z", "user": 1, "content_type": 11, "object_id": "90", "object_repr": "Avocado", "action_flag": 1, "change_message": "Added."}}, {"model": "admin.logentry", "pk": 337, "fields": {"action_time": "2018-03-22T00:00:25.073Z", "user": 1, "content_type": 11, "object_id": "91", "object_repr": "Banana", "action_flag": 1, "change_message": "Added."}}, {"model": "admin.logentry", "pk": 338, "fields": {"action_time": "2018-03-22T00:00:52.666Z", "user": 1, "content_type": 11, "object_id": "92", "object_repr": "Blackberry", "action_flag": 1, "change_message": "Added."}}, {"model": "admin.logentry", "pk": 339, "fields": {"action_time": "2018-03-22T00:01:13.052Z", "user": 1, "content_type": 11, "object_id": "93", "object_repr": "Blueberry", "action_flag": 1, "change_message": "Added."}}, {"model": "admin.logentry", "pk": 340, "fields": {"action_time": "2018-03-22T00:01:27.613Z", "user": 1, "content_type": 11, "object_id": "94", "object_repr": "Cherry", "action_flag": 1, "change_message": "Added."}}, {"model": "admin.logentry", "pk": 341, "fields": {"action_time": "2018-03-22T00:01:40.805Z", "user": 1, "content_type": 11, "object_id": "95", "object_repr": "Lime", "action_flag": 1, "change_message": "Added."}}, {"model": "admin.logentry", "pk": 342, "fields": {"action_time": "2018-03-22T00:02:01.106Z", "user": 1, "content_type": 11, "object_id": "96", "object_repr": "Mango", "action_flag": 1, "change_message": "Added."}}, {"model": "admin.logentry", "pk": 343, "fields": {"action_time": "2018-03-22T00:02:31.905Z", "user": 1, "content_type": 11, "object_id": "97", "object_repr": "Peach", "action_flag": 1, "change_message": "Added."}}, {"model": "admin.logentry", "pk": 344, "fields": {"action_time": "2018-03-22T00:02:43.676Z", "user": 1, "content_type": 11, "object_id": "98", "object_repr": "Pear", "action_flag": 1, "change_message": "Added."}}, {"model": "admin.logentry", "pk": 345, "fields": {"action_time": "2018-03-22T00:03:01.224Z", "user": 1, "content_type": 11, "object_id": "99", "object_repr": "Pineapple", "action_flag": 1, "change_message": "Added."}}, {"model": "admin.logentry", "pk": 346, "fields": {"action_time": "2018-03-22T00:03:21.118Z", "user": 1, "content_type": 11, "object_id": "100", "object_repr": "Plum", "action_flag": 1, "change_message": "Added."}}, {"model": "admin.logentry", "pk": 347, "fields": {"action_time": "2018-03-22T00:03:37.713Z", "user": 1, "content_type": 11, "object_id": "101", "object_repr": "Pomegranate", "action_flag": 1, "change_message": "Added."}}, {"model": "admin.logentry", "pk": 348, "fields": {"action_time": "2018-03-22T00:03:54.761Z", "user": 1, "content_type": 11, "object_id": "102", "object_repr": "Tomato", "action_flag": 1, "change_message": "Added."}}, {"model": "admin.logentry", "pk": 349, "fields": {"action_time": "2018-03-22T00:04:11.755Z", "user": 1, "content_type": 11, "object_id": "103", "object_repr": "Watermelon", "action_flag": 1, "change_message": "Added."}}, {"model": "admin.logentry", "pk": 350, "fields": {"action_time": "2018-03-22T01:29:35.038Z", "user": 1, "content_type": 11, "object_id": "104", "object_repr": "Asparagus", "action_flag": 1, "change_message": "Added."}}, {"model": "admin.logentry", "pk": 351, "fields": {"action_time": "2018-03-22T01:30:02.219Z", "user": 1, "content_type": 11, "object_id": "105", "object_repr": "Cauliflower", "action_flag": 1, "change_message": "Added."}}, {"model": "admin.logentry", "pk": 352, "fields": {"action_time": "2018-03-22T01:30:22.200Z", "user": 1, "content_type": 11, "object_id": "106", "object_repr": "Celery", "action_flag": 1, "change_message": "Added."}}, {"model": "admin.logentry", "pk": 353, "fields": {"action_time": "2018-03-22T01:30:33.681Z", "user": 1, "content_type": 11, "object_id": "107", "object_repr": "Corn", "action_flag": 1, "change_message": "Added."}}, {"model": "admin.logentry", "pk": 354, "fields": {"action_time": "2018-03-22T01:30:50.972Z", "user": 1, "content_type": 11, "object_id": "108", "object_repr": "Garlic", "action_flag": 1, "change_message": "Added."}}, {"model": "admin.logentry", "pk": 355, "fields": {"action_time": "2018-03-22T01:31:18.911Z", "user": 1, "content_type": 11, "object_id": "109", "object_repr": "Green Beans", "action_flag": 1, "change_message": "Added."}}, {"model": "admin.logentry", "pk": 356, "fields": {"action_time": "2018-03-22T01:31:28.776Z", "user": 1, "content_type": 11, "object_id": "110", "object_repr": "Kale", "action_flag": 1, "change_message": "Added."}}, {"model": "admin.logentry", "pk": 357, "fields": {"action_time": "2018-03-22T01:31:41.582Z", "user": 1, "content_type": 11, "object_id": "111", "object_repr": "Leek", "action_flag": 1, "change_message": "Added."}}, {"model": "admin.logentry", "pk": 358, "fields": {"action_time": "2018-03-22T01:31:54.249Z", "user": 1, "content_type": 11, "object_id": "112", "object_repr": "Okra", "action_flag": 1, "change_message": "Added."}}, {"model": "admin.logentry", "pk": 359, "fields": {"action_time": "2018-03-22T01:32:09.661Z", "user": 1, "content_type": 11, "object_id": "113", "object_repr": "Onion", "action_flag": 1, "change_message": "Added."}}, {"model": "admin.logentry", "pk": 360, "fields": {"action_time": "2018-03-22T01:32:20.988Z", "user": 1, "content_type": 11, "object_id": "114", "object_repr": "Peas", "action_flag": 1, "change_message": "Added."}}, {"model": "admin.logentry", "pk": 361, "fields": {"action_time": "2018-03-22T01:32:45.953Z", "user": 1, "content_type": 11, "object_id": "115", "object_repr": "Potato", "action_flag": 1, "change_message": "Added."}}, {"model": "admin.logentry", "pk": 362, "fields": {"action_time": "2018-03-22T01:33:08.943Z", "user": 1, "content_type": 11, "object_id": "116", "object_repr": "Pumpkin", "action_flag": 1, "change_message": "Added."}}, {"model": "admin.logentry", "pk": 363, "fields": {"action_time": "2018-03-22T01:33:29.446Z", "user": 1, "content_type": 11, "object_id": "117", "object_repr": "Radish", "action_flag": 1, "change_message": "Added."}}, {"model": "admin.logentry", "pk": 364, "fields": {"action_time": "2018-03-22T01:33:43.640Z", "user": 1, "content_type": 11, "object_id": "118", "object_repr": "Spinach", "action_flag": 1, "change_message": "Added."}}, {"model": "admin.logentry", "pk": 365, "fields": {"action_time": "2018-03-22T03:52:30.147Z", "user": 1, "content_type": 11, "object_id": "119", "object_repr": "Bottled Water", "action_flag": 1, "change_message": "Added."}}, {"model": "admin.logentry", "pk": 366, "fields": {"action_time": "2018-03-22T03:52:40.592Z", "user": 1, "content_type": 11, "object_id": "119", "object_repr": "Bottled Water", "action_flag": 2, "change_message": "Changed wellness."}}, {"model": "admin.logentry", "pk": 367, "fields": {"action_time": "2018-03-22T03:52:59.462Z", "user": 1, "content_type": 11, "object_id": "120", "object_repr": "Chicken Noodle Soup", "action_flag": 1, "change_message": "Added."}}, {"model": "admin.logentry", "pk": 368, "fields": {"action_time": "2018-03-22T03:53:35.357Z", "user": 1, "content_type": 11, "object_id": "121", "object_repr": "Cold Pack", "action_flag": 1, "change_message": "Added."}}, {"model": "admin.logentry", "pk": 369, "fields": {"action_time": "2018-03-22T03:54:05.081Z", "user": 1, "content_type": 11, "object_id": "122", "object_repr": "Cold Pills", "action_flag": 1, "change_message": "Added."}}, {"model": "admin.logentry", "pk": 370, "fields": {"action_time": "2018-03-22T03:55:11.751Z", "user": 1, "content_type": 11, "object_id": "123", "object_repr": "Cranberry Juice", "action_flag": 1, "change_message": "Added."}}, {"model": "admin.logentry", "pk": 371, "fields": {"action_time": "2018-03-22T03:55:42.820Z", "user": 1, "content_type": 11, "object_id": "124", "object_repr": "Essential Oils", "action_flag": 1, "change_message": "Added."}}, {"model": "admin.logentry", "pk": 372, "fields": {"action_time": "2018-03-22T03:56:10.702Z", "user": 1, "content_type": 11, "object_id": "125", "object_repr": "Hard Candy", "action_flag": 1, "change_message": "Added."}}, {"model": "admin.logentry", "pk": 373, "fields": {"action_time": "2018-03-22T03:56:33.032Z", "user": 1, "content_type": 11, "object_id": "126", "object_repr": "Heating Pad", "action_flag": 1, "change_message": "Added."}}, {"model": "admin.logentry", "pk": 374, "fields": {"action_time": "2018-03-22T03:56:51.433Z", "user": 1, "content_type": 11, "object_id": "127", "object_repr": "Honey", "action_flag": 1, "change_message": "Added."}}, {"model": "admin.logentry", "pk": 375, "fields": {"action_time": "2018-03-22T03:57:04.477Z", "user": 1, "content_type": 11, "object_id": "128", "object_repr": "Humidifier", "action_flag": 1, "change_message": "Added."}}, {"model": "admin.logentry", "pk": 376, "fields": {"action_time": "2018-03-22T03:57:20.571Z", "user": 1, "content_type": 11, "object_id": "129", "object_repr": "Mineral Water", "action_flag": 1, "change_message": "Added."}}, {"model": "admin.logentry", "pk": 377, "fields": {"action_time": "2018-03-22T03:58:03.257Z", "user": 1, "content_type": 11, "object_id": "130", "object_repr": "Peppermint", "action_flag": 1, "change_message": "Added."}}, {"model": "admin.logentry", "pk": 378, "fields": {"action_time": "2018-03-22T03:58:22.223Z", "user": 1, "content_type": 11, "object_id": "131", "object_repr": "Petroleum Jelly", "action_flag": 1, "change_message": "Added."}}, {"model": "admin.logentry", "pk": 379, "fields": {"action_time": "2018-03-22T03:58:42.554Z", "user": 1, "content_type": 11, "object_id": "132", "object_repr": "Salt Water Rinse", "action_flag": 1, "change_message": "Added."}}, {"model": "admin.logentry", "pk": 380, "fields": {"action_time": "2018-03-22T03:59:09.367Z", "user": 1, "content_type": 11, "object_id": "133", "object_repr": "Yoga Instructional DVD", "action_flag": 1, "change_message": "Added."}}, {"model": "admin.logentry", "pk": 381, "fields": {"action_time": "2018-03-22T19:17:37.746Z", "user": 1, "content_type": 27, "object_id": "10", "object_repr": "DailyClaim object", "action_flag": 2, "change_message": "Changed message."}}, {"model": "admin.logentry", "pk": 382, "fields": {"action_time": "2018-03-22T21:30:50.227Z", "user": 1, "content_type": 11, "object_id": "134", "object_repr": "Applesauce", "action_flag": 1, "change_message": "Added."}}, {"model": "admin.logentry", "pk": 383, "fields": {"action_time": "2018-03-22T21:31:02.773Z", "user": 1, "content_type": 11, "object_id": "135", "object_repr": "Bagel", "action_flag": 1, "change_message": "Added."}}, {"model": "admin.logentry", "pk": 384, "fields": {"action_time": "2018-03-22T21:31:16.396Z", "user": 1, "content_type": 11, "object_id": "136", "object_repr": "Can of Beans", "action_flag": 1, "change_message": "Added."}}, {"model": "admin.logentry", "pk": 385, "fields": {"action_time": "2018-03-22T21:31:46.265Z", "user": 1, "content_type": 11, "object_id": "137", "object_repr": "Cheese", "action_flag": 1, "change_message": "Added."}}, {"model": "admin.logentry", "pk": 386, "fields": {"action_time": "2018-03-22T21:32:18.868Z", "user": 1, "content_type": 11, "object_id": "138", "object_repr": "Chocolate Milk", "action_flag": 1, "change_message": "Added."}}, {"model": "admin.logentry", "pk": 387, "fields": {"action_time": "2018-03-22T21:32:41.374Z", "user": 1, "content_type": 11, "object_id": "139", "object_repr": "Eggs", "action_flag": 1, "change_message": "Added."}}, {"model": "admin.logentry", "pk": 388, "fields": {"action_time": "2018-03-22T21:32:56.846Z", "user": 1, "content_type": 11, "object_id": "140", "object_repr": "French Bread", "action_flag": 1, "change_message": "Added."}}, {"model": "admin.logentry", "pk": 389, "fields": {"action_time": "2018-03-22T21:33:26.668Z", "user": 1, "content_type": 11, "object_id": "141", "object_repr": "Frozen Yogurt", "action_flag": 1, "change_message": "Added."}}, {"model": "admin.logentry", "pk": 390, "fields": {"action_time": "2018-03-22T21:33:40.196Z", "user": 1, "content_type": 11, "object_id": "142", "object_repr": "Milk", "action_flag": 1, "change_message": "Added."}}, {"model": "admin.logentry", "pk": 391, "fields": {"action_time": "2018-03-22T21:34:21.054Z", "user": 1, "content_type": 11, "object_id": "143", "object_repr": "Olive Oil", "action_flag": 1, "change_message": "Added."}}, {"model": "admin.logentry", "pk": 392, "fields": {"action_time": "2018-03-22T21:34:39.508Z", "user": 1, "content_type": 11, "object_id": "144", "object_repr": "Orange Juice", "action_flag": 1, "change_message": "Added."}}, {"model": "admin.logentry", "pk": 393, "fields": {"action_time": "2018-03-22T21:35:00.963Z", "user": 1, "content_type": 11, "object_id": "145", "object_repr": "Peanut Butter", "action_flag": 1, "change_message": "Added."}}, {"model": "admin.logentry", "pk": 394, "fields": {"action_time": "2018-03-22T21:35:15.318Z", "user": 1, "content_type": 11, "object_id": "146", "object_repr": "Spices", "action_flag": 1, "change_message": "Added."}}, {"model": "admin.logentry", "pk": 395, "fields": {"action_time": "2018-03-22T21:35:39.002Z", "user": 1, "content_type": 11, "object_id": "147", "object_repr": "Strawberry Milk", "action_flag": 1, "change_message": "Added."}}, {"model": "admin.logentry", "pk": 396, "fields": {"action_time": "2018-03-22T21:35:54.240Z", "user": 1, "content_type": 11, "object_id": "148", "object_repr": "Wheat Bread", "action_flag": 1, "change_message": "Added."}}, {"model": "admin.logentry", "pk": 397, "fields": {"action_time": "2018-03-22T21:36:05.970Z", "user": 1, "content_type": 11, "object_id": "149", "object_repr": "Yogurt", "action_flag": 1, "change_message": "Added."}}, {"model": "admin.logentry", "pk": 398, "fields": {"action_time": "2018-03-22T22:37:16.201Z", "user": 1, "content_type": 8, "object_id": "5", "object_repr": "audrey's pet JDA", "action_flag": 2, "change_message": "Changed color and animal."}}, {"model": "admin.logentry", "pk": 399, "fields": {"action_time": "2018-03-24T01:33:37.800Z", "user": 1, "content_type": 8, "object_id": "5", "object_repr": "audrey's pet JDA", "action_flag": 2, "change_message": "Changed animal."}}, {"model": "admin.logentry", "pk": 400, "fields": {"action_time": "2018-03-24T01:33:50.971Z", "user": 1, "content_type": 8, "object_id": "5", "object_repr": "audrey's pet JDA", "action_flag": 2, "change_message": "Changed animal."}}, {"model": "admin.logentry", "pk": 401, "fields": {"action_time": "2018-03-24T01:34:06.126Z", "user": 1, "content_type": 8, "object_id": "5", "object_repr": "audrey's pet JDA", "action_flag": 2, "change_message": "Changed color and animal."}}, {"model": "admin.logentry", "pk": 402, "fields": {"action_time": "2018-03-24T03:04:13.101Z", "user": 1, "content_type": 24, "object_id": "178", "object_repr": "Score object", "action_flag": 3, "change_message": ""}}, {"model": "admin.logentry", "pk": 403, "fields": {"action_time": "2018-03-25T23:50:56.257Z", "user": 1, "content_type": 11, "object_id": "150", "object_repr": "Injection", "action_flag": 1, "change_message": "Added."}}, {"model": "admin.logentry", "pk": 404, "fields": {"action_time": "2018-03-25T23:51:27.279Z", "user": 1, "content_type": 11, "object_id": "151", "object_repr": "Cough Syrup", "action_flag": 1, "change_message": "Added."}}, {"model": "admin.logentry", "pk": 405, "fields": {"action_time": "2018-03-25T23:51:53.712Z", "user": 1, "content_type": 11, "object_id": "152", "object_repr": "Nasal Spray", "action_flag": 1, "change_message": "Added."}}, {"model": "admin.logentry", "pk": 406, "fields": {"action_time": "2018-03-25T23:52:12.706Z", "user": 1, "content_type": 11, "object_id": "153", "object_repr": "Ointment", "action_flag": 1, "change_message": "Added."}}, {"model": "admin.logentry", "pk": 407, "fields": {"action_time": "2018-03-25T23:52:40.775Z", "user": 1, "content_type": 11, "object_id": "154", "object_repr": "PT Prescription", "action_flag": 1, "change_message": "Added."}}, {"model": "admin.logentry", "pk": 408, "fields": {"action_time": "2018-03-25T23:52:53.665Z", "user": 1, "content_type": 11, "object_id": "155", "object_repr": "Pills", "action_flag": 1, "change_message": "Added."}}, {"model": "admin.logentry", "pk": 409, "fields": {"action_time": "2018-03-25T23:53:13.687Z", "user": 1, "content_type": 11, "object_id": "156", "object_repr": "Steroids", "action_flag": 1, "change_message": "Added."}}, {"model": "admin.logentry", "pk": 410, "fields": {"action_time": "2018-03-25T23:53:20.445Z", "user": 1, "content_type": 11, "object_id": "150", "object_repr": "Injection", "action_flag": 2, "change_message": "Changed price_class."}}, {"model": "admin.logentry", "pk": 411, "fields": {"action_time": "2018-03-26T00:07:55.271Z", "user": 1, "content_type": 8, "object_id": "5", "object_repr": "audrey's pet JDA", "action_flag": 2, "change_message": "Changed wellness."}}, {"model": "admin.logentry", "pk": 412, "fields": {"action_time": "2018-03-26T00:14:37.636Z", "user": 1, "content_type": 31, "object_id": "1", "object_repr": "MedicinePickup object", "action_flag": 1, "change_message": "Added."}}, {"model": "admin.logentry", "pk": 413, "fields": {"action_time": "2018-03-26T00:31:04.354Z", "user": 1, "content_type": 8, "object_id": "5", "object_repr": "audrey's pet JDA", "action_flag": 2, "change_message": "Changed wellness."}}, {"model": "admin.logentry", "pk": 414, "fields": {"action_time": "2018-03-26T00:45:57.215Z", "user": 1, "content_type": 8, "object_id": "5", "object_repr": "audrey's pet JDA", "action_flag": 2, "change_message": "Changed all_colors."}}, {"model": "admin.logentry", "pk": 415, "fields": {"action_time": "2018-03-26T02:27:23.203Z", "user": 1, "content_type": 8, "object_id": "5", "object_repr": "audrey's pet JDA", "action_flag": 2, "change_message": "Changed all_colors."}}, {"model": "admin.logentry", "pk": 416, "fields": {"action_time": "2018-03-26T02:29:56.965Z", "user": 1, "content_type": 8, "object_id": "5", "object_repr": "audrey's pet JDA", "action_flag": 2, "change_message": "Changed all_colors."}}, {"model": "admin.logentry", "pk": 417, "fields": {"action_time": "2018-03-26T02:48:20.607Z", "user": 1, "content_type": 12, "object_id": "86", "object_repr": "audrey's Glitter Potion", "action_flag": 1, "change_message": "Added."}}, {"model": "admin.logentry", "pk": 418, "fields": {"action_time": "2018-03-26T02:48:30.170Z", "user": 1, "content_type": 12, "object_id": "87", "object_repr": "audrey's Lizard Potion", "action_flag": 1, "change_message": "Added."}}, {"model": "admin.logentry", "pk": 419, "fields": {"action_time": "2018-03-26T02:53:35.612Z", "user": 1, "content_type": 8, "object_id": "5", "object_repr": "audrey's pet JDA", "action_flag": 2, "change_message": "Changed color and all_colors."}}, {"model": "admin.logentry", "pk": 420, "fields": {"action_time": "2018-03-26T03:31:00.851Z", "user": 1, "content_type": 24, "object_id": "239", "object_repr": "Score object", "action_flag": 3, "change_message": ""}}, {"model": "admin.logentry", "pk": 421, "fields": {"action_time": "2018-03-26T03:31:00.855Z", "user": 1, "content_type": 24, "object_id": "238", "object_repr": "Score object", "action_flag": 3, "change_message": ""}}, {"model": "admin.logentry", "pk": 422, "fields": {"action_time": "2018-03-26T03:31:00.857Z", "user": 1, "content_type": 24, "object_id": "237", "object_repr": "Score object", "action_flag": 3, "change_message": ""}}, {"model": "admin.logentry", "pk": 423, "fields": {"action_time": "2018-03-26T03:31:00.859Z", "user": 1, "content_type": 24, "object_id": "236", "object_repr": "Score object", "action_flag": 3, "change_message": ""}}, {"model": "admin.logentry", "pk": 424, "fields": {"action_time": "2018-03-26T03:31:00.862Z", "user": 1, "content_type": 24, "object_id": "235", "object_repr": "Score object", "action_flag": 3, "change_message": ""}}, {"model": "admin.logentry", "pk": 425, "fields": {"action_time": "2018-03-26T03:31:00.863Z", "user": 1, "content_type": 24, "object_id": "234", "object_repr": "Score object", "action_flag": 3, "change_message": ""}}, {"model": "admin.logentry", "pk": 426, "fields": {"action_time": "2018-03-26T03:31:00.865Z", "user": 1, "content_type": 24, "object_id": "233", "object_repr": "Score object", "action_flag": 3, "change_message": ""}}, {"model": "admin.logentry", "pk": 427, "fields": {"action_time": "2018-03-26T03:31:00.868Z", "user": 1, "content_type": 24, "object_id": "232", "object_repr": "Score object", "action_flag": 3, "change_message": ""}}, {"model": "admin.logentry", "pk": 428, "fields": {"action_time": "2018-03-26T03:31:00.869Z", "user": 1, "content_type": 24, "object_id": "231", "object_repr": "Score object", "action_flag": 3, "change_message": ""}}, {"model": "admin.logentry", "pk": 429, "fields": {"action_time": "2018-03-26T03:31:00.872Z", "user": 1, "content_type": 24, "object_id": "230", "object_repr": "Score object", "action_flag": 3, "change_message": ""}}, {"model": "admin.logentry", "pk": 430, "fields": {"action_time": "2018-03-26T03:31:00.874Z", "user": 1, "content_type": 24, "object_id": "229", "object_repr": "Score object", "action_flag": 3, "change_message": ""}}, {"model": "admin.logentry", "pk": 431, "fields": {"action_time": "2018-03-26T03:31:00.876Z", "user": 1, "content_type": 24, "object_id": "228", "object_repr": "Score object", "action_flag": 3, "change_message": ""}}, {"model": "admin.logentry", "pk": 432, "fields": {"action_time": "2018-03-26T03:31:00.878Z", "user": 1, "content_type": 24, "object_id": "227", "object_repr": "Score object", "action_flag": 3, "change_message": ""}}, {"model": "admin.logentry", "pk": 433, "fields": {"action_time": "2018-03-26T03:31:00.881Z", "user": 1, "content_type": 24, "object_id": "226", "object_repr": "Score object", "action_flag": 3, "change_message": ""}}, {"model": "admin.logentry", "pk": 434, "fields": {"action_time": "2018-03-26T03:31:00.883Z", "user": 1, "content_type": 24, "object_id": "225", "object_repr": "Score object", "action_flag": 3, "change_message": ""}}, {"model": "admin.logentry", "pk": 435, "fields": {"action_time": "2018-03-26T03:31:00.884Z", "user": 1, "content_type": 24, "object_id": "224", "object_repr": "Score object", "action_flag": 3, "change_message": ""}}, {"model": "admin.logentry", "pk": 436, "fields": {"action_time": "2018-03-26T03:31:00.886Z", "user": 1, "content_type": 24, "object_id": "223", "object_repr": "Score object", "action_flag": 3, "change_message": ""}}, {"model": "admin.logentry", "pk": 437, "fields": {"action_time": "2018-03-26T03:31:00.889Z", "user": 1, "content_type": 24, "object_id": "222", "object_repr": "Score object", "action_flag": 3, "change_message": ""}}, {"model": "admin.logentry", "pk": 438, "fields": {"action_time": "2018-03-26T03:31:00.891Z", "user": 1, "content_type": 24, "object_id": "221", "object_repr": "Score object", "action_flag": 3, "change_message": ""}}, {"model": "admin.logentry", "pk": 439, "fields": {"action_time": "2018-03-26T03:31:00.893Z", "user": 1, "content_type": 24, "object_id": "220", "object_repr": "Score object", "action_flag": 3, "change_message": ""}}, {"model": "admin.logentry", "pk": 440, "fields": {"action_time": "2018-03-26T03:31:00.895Z", "user": 1, "content_type": 24, "object_id": "219", "object_repr": "Score object", "action_flag": 3, "change_message": ""}}, {"model": "admin.logentry", "pk": 441, "fields": {"action_time": "2018-03-26T03:31:00.897Z", "user": 1, "content_type": 24, "object_id": "218", "object_repr": "Score object", "action_flag": 3, "change_message": ""}}, {"model": "admin.logentry", "pk": 442, "fields": {"action_time": "2018-03-26T03:31:00.899Z", "user": 1, "content_type": 24, "object_id": "217", "object_repr": "Score object", "action_flag": 3, "change_message": ""}}, {"model": "admin.logentry", "pk": 443, "fields": {"action_time": "2018-03-26T03:31:00.902Z", "user": 1, "content_type": 24, "object_id": "216", "object_repr": "Score object", "action_flag": 3, "change_message": ""}}, {"model": "admin.logentry", "pk": 444, "fields": {"action_time": "2018-03-26T03:31:00.904Z", "user": 1, "content_type": 24, "object_id": "215", "object_repr": "Score object", "action_flag": 3, "change_message": ""}}, {"model": "admin.logentry", "pk": 445, "fields": {"action_time": "2018-03-26T03:31:00.907Z", "user": 1, "content_type": 24, "object_id": "214", "object_repr": "Score object", "action_flag": 3, "change_message": ""}}, {"model": "admin.logentry", "pk": 446, "fields": {"action_time": "2018-03-26T03:31:00.909Z", "user": 1, "content_type": 24, "object_id": "213", "object_repr": "Score object", "action_flag": 3, "change_message": ""}}, {"model": "admin.logentry", "pk": 447, "fields": {"action_time": "2018-03-26T03:31:00.911Z", "user": 1, "content_type": 24, "object_id": "212", "object_repr": "Score object", "action_flag": 3, "change_message": ""}}, {"model": "admin.logentry", "pk": 448, "fields": {"action_time": "2018-03-26T03:31:00.914Z", "user": 1, "content_type": 24, "object_id": "211", "object_repr": "Score object", "action_flag": 3, "change_message": ""}}, {"model": "admin.logentry", "pk": 449, "fields": {"action_time": "2018-03-26T03:31:00.916Z", "user": 1, "content_type": 24, "object_id": "210", "object_repr": "Score object", "action_flag": 3, "change_message": ""}}, {"model": "admin.logentry", "pk": 450, "fields": {"action_time": "2018-03-26T03:31:00.918Z", "user": 1, "content_type": 24, "object_id": "209", "object_repr": "Score object", "action_flag": 3, "change_message": ""}}, {"model": "admin.logentry", "pk": 451, "fields": {"action_time": "2018-03-26T03:31:00.920Z", "user": 1, "content_type": 24, "object_id": "208", "object_repr": "Score object", "action_flag": 3, "change_message": ""}}, {"model": "admin.logentry", "pk": 452, "fields": {"action_time": "2018-03-26T03:31:00.923Z", "user": 1, "content_type": 24, "object_id": "207", "object_repr": "Score object", "action_flag": 3, "change_message": ""}}, {"model": "admin.logentry", "pk": 453, "fields": {"action_time": "2018-03-26T03:31:00.925Z", "user": 1, "content_type": 24, "object_id": "206", "object_repr": "Score object", "action_flag": 3, "change_message": ""}}, {"model": "admin.logentry", "pk": 454, "fields": {"action_time": "2018-03-26T03:31:00.927Z", "user": 1, "content_type": 24, "object_id": "205", "object_repr": "Score object", "action_flag": 3, "change_message": ""}}, {"model": "admin.logentry", "pk": 455, "fields": {"action_time": "2018-03-26T03:31:00.929Z", "user": 1, "content_type": 24, "object_id": "204", "object_repr": "Score object", "action_flag": 3, "change_message": ""}}, {"model": "admin.logentry", "pk": 456, "fields": {"action_time": "2018-03-26T03:31:00.931Z", "user": 1, "content_type": 24, "object_id": "203", "object_repr": "Score object", "action_flag": 3, "change_message": ""}}, {"model": "admin.logentry", "pk": 457, "fields": {"action_time": "2018-03-26T03:31:00.933Z", "user": 1, "content_type": 24, "object_id": "202", "object_repr": "Score object", "action_flag": 3, "change_message": ""}}, {"model": "admin.logentry", "pk": 458, "fields": {"action_time": "2018-03-26T03:31:00.935Z", "user": 1, "content_type": 24, "object_id": "201", "object_repr": "Score object", "action_flag": 3, "change_message": ""}}, {"model": "admin.logentry", "pk": 459, "fields": {"action_time": "2018-03-26T03:31:00.937Z", "user": 1, "content_type": 24, "object_id": "200", "object_repr": "Score object", "action_flag": 3, "change_message": ""}}, {"model": "admin.logentry", "pk": 460, "fields": {"action_time": "2018-03-26T03:31:00.939Z", "user": 1, "content_type": 24, "object_id": "199", "object_repr": "Score object", "action_flag": 3, "change_message": ""}}, {"model": "admin.logentry", "pk": 461, "fields": {"action_time": "2018-03-26T03:31:00.942Z", "user": 1, "content_type": 24, "object_id": "198", "object_repr": "Score object", "action_flag": 3, "change_message": ""}}, {"model": "admin.logentry", "pk": 462, "fields": {"action_time": "2018-03-26T03:31:00.944Z", "user": 1, "content_type": 24, "object_id": "197", "object_repr": "Score object", "action_flag": 3, "change_message": ""}}, {"model": "admin.logentry", "pk": 463, "fields": {"action_time": "2018-03-26T03:31:00.946Z", "user": 1, "content_type": 24, "object_id": "196", "object_repr": "Score object", "action_flag": 3, "change_message": ""}}, {"model": "admin.logentry", "pk": 464, "fields": {"action_time": "2018-03-26T03:31:00.948Z", "user": 1, "content_type": 24, "object_id": "195", "object_repr": "Score object", "action_flag": 3, "change_message": ""}}, {"model": "admin.logentry", "pk": 465, "fields": {"action_time": "2018-03-26T03:31:00.950Z", "user": 1, "content_type": 24, "object_id": "194", "object_repr": "Score object", "action_flag": 3, "change_message": ""}}, {"model": "admin.logentry", "pk": 466, "fields": {"action_time": "2018-03-26T03:31:00.952Z", "user": 1, "content_type": 24, "object_id": "193", "object_repr": "Score object", "action_flag": 3, "change_message": ""}}, {"model": "admin.logentry", "pk": 467, "fields": {"action_time": "2018-03-26T03:31:00.954Z", "user": 1, "content_type": 24, "object_id": "192", "object_repr": "Score object", "action_flag": 3, "change_message": ""}}, {"model": "admin.logentry", "pk": 468, "fields": {"action_time": "2018-03-26T03:31:00.957Z", "user": 1, "content_type": 24, "object_id": "191", "object_repr": "Score object", "action_flag": 3, "change_message": ""}}, {"model": "admin.logentry", "pk": 469, "fields": {"action_time": "2018-03-26T03:31:00.958Z", "user": 1, "content_type": 24, "object_id": "190", "object_repr": "Score object", "action_flag": 3, "change_message": ""}}, {"model": "admin.logentry", "pk": 470, "fields": {"action_time": "2018-03-26T03:31:00.961Z", "user": 1, "content_type": 24, "object_id": "189", "object_repr": "Score object", "action_flag": 3, "change_message": ""}}, {"model": "admin.logentry", "pk": 471, "fields": {"action_time": "2018-03-26T03:31:00.963Z", "user": 1, "content_type": 24, "object_id": "188", "object_repr": "Score object", "action_flag": 3, "change_message": ""}}, {"model": "admin.logentry", "pk": 472, "fields": {"action_time": "2018-03-26T03:31:00.965Z", "user": 1, "content_type": 24, "object_id": "187", "object_repr": "Score object", "action_flag": 3, "change_message": ""}}, {"model": "admin.logentry", "pk": 473, "fields": {"action_time": "2018-03-26T03:31:00.968Z", "user": 1, "content_type": 24, "object_id": "186", "object_repr": "Score object", "action_flag": 3, "change_message": ""}}, {"model": "admin.logentry", "pk": 474, "fields": {"action_time": "2018-03-26T03:31:00.969Z", "user": 1, "content_type": 24, "object_id": "185", "object_repr": "Score object", "action_flag": 3, "change_message": ""}}, {"model": "admin.logentry", "pk": 475, "fields": {"action_time": "2018-03-26T03:31:00.971Z", "user": 1, "content_type": 24, "object_id": "184", "object_repr": "Score object", "action_flag": 3, "change_message": ""}}, {"model": "admin.logentry", "pk": 476, "fields": {"action_time": "2018-03-26T03:31:00.973Z", "user": 1, "content_type": 24, "object_id": "183", "object_repr": "Score object", "action_flag": 3, "change_message": ""}}, {"model": "admin.logentry", "pk": 477, "fields": {"action_time": "2018-03-26T03:31:00.975Z", "user": 1, "content_type": 24, "object_id": "182", "object_repr": "Score object", "action_flag": 3, "change_message": ""}}, {"model": "admin.logentry", "pk": 478, "fields": {"action_time": "2018-03-26T03:31:00.976Z", "user": 1, "content_type": 24, "object_id": "181", "object_repr": "Score object", "action_flag": 3, "change_message": ""}}, {"model": "admin.logentry", "pk": 479, "fields": {"action_time": "2018-03-26T03:31:00.978Z", "user": 1, "content_type": 24, "object_id": "180", "object_repr": "Score object", "action_flag": 3, "change_message": ""}}, {"model": "admin.logentry", "pk": 480, "fields": {"action_time": "2018-03-26T03:31:00.980Z", "user": 1, "content_type": 24, "object_id": "179", "object_repr": "Score object", "action_flag": 3, "change_message": ""}}, {"model": "admin.logentry", "pk": 481, "fields": {"action_time": "2018-03-26T03:31:00.982Z", "user": 1, "content_type": 24, "object_id": "177", "object_repr": "Score object", "action_flag": 3, "change_message": ""}}, {"model": "admin.logentry", "pk": 482, "fields": {"action_time": "2018-03-26T03:31:00.983Z", "user": 1, "content_type": 24, "object_id": "176", "object_repr": "Score object", "action_flag": 3, "change_message": ""}}, {"model": "admin.logentry", "pk": 483, "fields": {"action_time": "2018-03-26T03:31:00.985Z", "user": 1, "content_type": 24, "object_id": "175", "object_repr": "Score object", "action_flag": 3, "change_message": ""}}, {"model": "admin.logentry", "pk": 484, "fields": {"action_time": "2018-03-26T03:31:00.987Z", "user": 1, "content_type": 24, "object_id": "174", "object_repr": "Score object", "action_flag": 3, "change_message": ""}}, {"model": "admin.logentry", "pk": 485, "fields": {"action_time": "2018-03-26T03:31:00.988Z", "user": 1, "content_type": 24, "object_id": "173", "object_repr": "Score object", "action_flag": 3, "change_message": ""}}, {"model": "admin.logentry", "pk": 486, "fields": {"action_time": "2018-03-26T03:31:00.990Z", "user": 1, "content_type": 24, "object_id": "172", "object_repr": "Score object", "action_flag": 3, "change_message": ""}}, {"model": "admin.logentry", "pk": 487, "fields": {"action_time": "2018-03-26T03:31:00.992Z", "user": 1, "content_type": 24, "object_id": "171", "object_repr": "Score object", "action_flag": 3, "change_message": ""}}, {"model": "admin.logentry", "pk": 488, "fields": {"action_time": "2018-03-26T03:31:00.993Z", "user": 1, "content_type": 24, "object_id": "170", "object_repr": "Score object", "action_flag": 3, "change_message": ""}}, {"model": "admin.logentry", "pk": 489, "fields": {"action_time": "2018-03-26T03:31:00.995Z", "user": 1, "content_type": 24, "object_id": "169", "object_repr": "Score object", "action_flag": 3, "change_message": ""}}, {"model": "admin.logentry", "pk": 490, "fields": {"action_time": "2018-03-26T03:31:00.997Z", "user": 1, "content_type": 24, "object_id": "168", "object_repr": "Score object", "action_flag": 3, "change_message": ""}}, {"model": "admin.logentry", "pk": 491, "fields": {"action_time": "2018-03-26T03:31:00.999Z", "user": 1, "content_type": 24, "object_id": "167", "object_repr": "Score object", "action_flag": 3, "change_message": ""}}, {"model": "admin.logentry", "pk": 492, "fields": {"action_time": "2018-03-26T03:31:01.001Z", "user": 1, "content_type": 24, "object_id": "166", "object_repr": "Score object", "action_flag": 3, "change_message": ""}}, {"model": "admin.logentry", "pk": 493, "fields": {"action_time": "2018-03-26T03:31:01.002Z", "user": 1, "content_type": 24, "object_id": "165", "object_repr": "Score object", "action_flag": 3, "change_message": ""}}, {"model": "admin.logentry", "pk": 494, "fields": {"action_time": "2018-03-26T03:31:01.004Z", "user": 1, "content_type": 24, "object_id": "164", "object_repr": "Score object", "action_flag": 3, "change_message": ""}}, {"model": "admin.logentry", "pk": 495, "fields": {"action_time": "2018-03-26T03:31:01.005Z", "user": 1, "content_type": 24, "object_id": "163", "object_repr": "Score object", "action_flag": 3, "change_message": ""}}, {"model": "admin.logentry", "pk": 496, "fields": {"action_time": "2018-03-26T03:31:01.008Z", "user": 1, "content_type": 24, "object_id": "162", "object_repr": "Score object", "action_flag": 3, "change_message": ""}}, {"model": "admin.logentry", "pk": 497, "fields": {"action_time": "2018-03-26T03:31:01.010Z", "user": 1, "content_type": 24, "object_id": "161", "object_repr": "Score object", "action_flag": 3, "change_message": ""}}, {"model": "admin.logentry", "pk": 498, "fields": {"action_time": "2018-03-26T03:31:01.011Z", "user": 1, "content_type": 24, "object_id": "160", "object_repr": "Score object", "action_flag": 3, "change_message": ""}}, {"model": "admin.logentry", "pk": 499, "fields": {"action_time": "2018-03-26T03:31:01.013Z", "user": 1, "content_type": 24, "object_id": "159", "object_repr": "Score object", "action_flag": 3, "change_message": ""}}, {"model": "admin.logentry", "pk": 500, "fields": {"action_time": "2018-03-26T03:31:01.015Z", "user": 1, "content_type": 24, "object_id": "158", "object_repr": "Score object", "action_flag": 3, "change_message": ""}}, {"model": "admin.logentry", "pk": 501, "fields": {"action_time": "2018-03-26T03:31:01.017Z", "user": 1, "content_type": 24, "object_id": "157", "object_repr": "Score object", "action_flag": 3, "change_message": ""}}, {"model": "admin.logentry", "pk": 502, "fields": {"action_time": "2018-03-26T03:31:01.018Z", "user": 1, "content_type": 24, "object_id": "156", "object_repr": "Score object", "action_flag": 3, "change_message": ""}}, {"model": "admin.logentry", "pk": 503, "fields": {"action_time": "2018-03-26T03:31:01.020Z", "user": 1, "content_type": 24, "object_id": "155", "object_repr": "Score object", "action_flag": 3, "change_message": ""}}, {"model": "admin.logentry", "pk": 504, "fields": {"action_time": "2018-03-26T03:31:01.022Z", "user": 1, "content_type": 24, "object_id": "154", "object_repr": "Score object", "action_flag": 3, "change_message": ""}}, {"model": "admin.logentry", "pk": 505, "fields": {"action_time": "2018-03-26T03:31:01.024Z", "user": 1, "content_type": 24, "object_id": "153", "object_repr": "Score object", "action_flag": 3, "change_message": ""}}, {"model": "admin.logentry", "pk": 506, "fields": {"action_time": "2018-03-26T03:31:01.026Z", "user": 1, "content_type": 24, "object_id": "152", "object_repr": "Score object", "action_flag": 3, "change_message": ""}}, {"model": "admin.logentry", "pk": 507, "fields": {"action_time": "2018-03-26T03:31:01.028Z", "user": 1, "content_type": 24, "object_id": "151", "object_repr": "Score object", "action_flag": 3, "change_message": ""}}, {"model": "admin.logentry", "pk": 508, "fields": {"action_time": "2018-03-26T03:31:01.029Z", "user": 1, "content_type": 24, "object_id": "150", "object_repr": "Score object", "action_flag": 3, "change_message": ""}}, {"model": "admin.logentry", "pk": 509, "fields": {"action_time": "2018-03-26T03:31:01.031Z", "user": 1, "content_type": 24, "object_id": "149", "object_repr": "Score object", "action_flag": 3, "change_message": ""}}, {"model": "admin.logentry", "pk": 510, "fields": {"action_time": "2018-03-26T03:31:01.032Z", "user": 1, "content_type": 24, "object_id": "148", "object_repr": "Score object", "action_flag": 3, "change_message": ""}}, {"model": "admin.logentry", "pk": 511, "fields": {"action_time": "2018-03-26T03:31:01.034Z", "user": 1, "content_type": 24, "object_id": "147", "object_repr": "Score object", "action_flag": 3, "change_message": ""}}, {"model": "admin.logentry", "pk": 512, "fields": {"action_time": "2018-03-26T03:31:01.036Z", "user": 1, "content_type": 24, "object_id": "146", "object_repr": "Score object", "action_flag": 3, "change_message": ""}}, {"model": "admin.logentry", "pk": 513, "fields": {"action_time": "2018-03-26T03:31:01.037Z", "user": 1, "content_type": 24, "object_id": "145", "object_repr": "Score object", "action_flag": 3, "change_message": ""}}, {"model": "admin.logentry", "pk": 514, "fields": {"action_time": "2018-03-26T03:31:01.040Z", "user": 1, "content_type": 24, "object_id": "144", "object_repr": "Score object", "action_flag": 3, "change_message": ""}}, {"model": "admin.logentry", "pk": 515, "fields": {"action_time": "2018-03-26T03:31:01.041Z", "user": 1, "content_type": 24, "object_id": "143", "object_repr": "Score object", "action_flag": 3, "change_message": ""}}, {"model": "admin.logentry", "pk": 516, "fields": {"action_time": "2018-03-26T03:31:01.043Z", "user": 1, "content_type": 24, "object_id": "142", "object_repr": "Score object", "action_flag": 3, "change_message": ""}}, {"model": "admin.logentry", "pk": 517, "fields": {"action_time": "2018-03-26T03:31:01.045Z", "user": 1, "content_type": 24, "object_id": "141", "object_repr": "Score object", "action_flag": 3, "change_message": ""}}, {"model": "admin.logentry", "pk": 518, "fields": {"action_time": "2018-03-26T03:31:01.047Z", "user": 1, "content_type": 24, "object_id": "140", "object_repr": "Score object", "action_flag": 3, "change_message": ""}}, {"model": "admin.logentry", "pk": 519, "fields": {"action_time": "2018-03-26T03:31:01.048Z", "user": 1, "content_type": 24, "object_id": "139", "object_repr": "Score object", "action_flag": 3, "change_message": ""}}, {"model": "admin.logentry", "pk": 520, "fields": {"action_time": "2018-03-26T03:37:38.753Z", "user": 1, "content_type": 24, "object_id": "263", "object_repr": "Score object", "action_flag": 3, "change_message": ""}}, {"model": "admin.logentry", "pk": 521, "fields": {"action_time": "2018-03-26T03:37:44.907Z", "user": 1, "content_type": 24, "object_id": "262", "object_repr": "Score object", "action_flag": 3, "change_message": ""}}, {"model": "admin.logentry", "pk": 522, "fields": {"action_time": "2018-03-26T05:32:07.759Z", "user": 1, "content_type": 32, "object_id": "1", "object_repr": "audrey's Shop", "action_flag": 2, "change_message": "Changed items."}}, {"model": "admin.logentry", "pk": 523, "fields": {"action_time": "2018-03-26T05:32:54.191Z", "user": 1, "content_type": 32, "object_id": "1", "object_repr": "audrey's Shop", "action_flag": 2, "change_message": "Changed items."}}, {"model": "admin.logentry", "pk": 524, "fields": {"action_time": "2018-03-26T16:43:08.999Z", "user": 1, "content_type": 32, "object_id": "1", "object_repr": "audrey's Shop", "action_flag": 2, "change_message": "Changed shop_till."}}, {"model": "admin.logentry", "pk": 525, "fields": {"action_time": "2018-04-07T00:02:02.057Z", "user": 1, "content_type": 33, "object_id": "1", "object_repr": "Announcements", "action_flag": 1, "change_message": "Added."}}, {"model": "admin.logentry", "pk": 526, "fields": {"action_time": "2018-04-07T00:49:58.452Z", "user": 1, "content_type": 34, "object_id": "1", "object_repr": "Announcement 1", "action_flag": 1, "change_message": "Added."}}, {"model": "admin.logentry", "pk": 527, "fields": {"action_time": "2018-04-07T01:14:34.202Z", "user": 1, "content_type": 33, "object_id": "1", "object_repr": "Announcements", "action_flag": 2, "change_message": "Changed url."}}, {"model": "admin.logentry", "pk": 528, "fields": {"action_time": "2018-04-07T01:17:09.774Z", "user": 1, "content_type": 34, "object_id": "1", "object_repr": "First Announcement", "action_flag": 2, "change_message": "Changed title and slug."}}, {"model": "admin.logentry", "pk": 529, "fields": {"action_time": "2018-04-07T01:56:13.600Z", "user": 1, "content_type": 34, "object_id": "2", "object_repr": "Second Announcement", "action_flag": 1, "change_message": "Added."}}, {"model": "admin.logentry", "pk": 530, "fields": {"action_time": "2018-04-07T01:59:08.157Z", "user": 1, "content_type": 33, "object_id": "1", "object_repr": "Announcements", "action_flag": 2, "change_message": "Changed staff."}}, {"model": "admin.logentry", "pk": 531, "fields": {"action_time": "2018-04-07T03:35:32.708Z", "user": 1, "content_type": 34, "object_id": "2", "object_repr": "Second Announcement", "action_flag": 2, "change_message": "Changed message."}}, {"model": "admin.logentry", "pk": 532, "fields": {"action_time": "2018-04-07T03:35:55.071Z", "user": 1, "content_type": 34, "object_id": "2", "object_repr": "Second Announcement", "action_flag": 2, "change_message": "Changed message."}}, {"model": "admin.logentry", "pk": 533, "fields": {"action_time": "2018-04-07T03:46:10.632Z", "user": 1, "content_type": 34, "object_id": "2", "object_repr": "Second Announcement", "action_flag": 2, "change_message": "Changed message."}}, {"model": "admin.logentry", "pk": 534, "fields": {"action_time": "2018-04-07T03:46:53.670Z", "user": 1, "content_type": 34, "object_id": "2", "object_repr": "Second Announcement", "action_flag": 2, "change_message": "Changed message."}}, {"model": "admin.logentry", "pk": 535, "fields": {"action_time": "2018-04-07T19:57:13.752Z", "user": 1, "content_type": 35, "object_id": "1", "object_repr": "Reply object", "action_flag": 1, "change_message": "Added."}}, {"model": "admin.logentry", "pk": 536, "fields": {"action_time": "2018-04-07T20:00:34.436Z", "user": 1, "content_type": 35, "object_id": "1", "object_repr": "Reply object", "action_flag": 2, "change_message": "Changed user."}}, {"model": "admin.logentry", "pk": 537, "fields": {"action_time": "2018-04-07T20:03:46.724Z", "user": 1, "content_type": 35, "object_id": "2", "object_repr": "audrey's reply on \"Second Announcement\"", "action_flag": 1, "change_message": "Added."}}, {"model": "admin.logentry", "pk": 538, "fields": {"action_time": "2018-04-07T20:04:39.295Z", "user": 1, "content_type": 35, "object_id": "2", "object_repr": "audrey's reply on \"Second Announcement\"", "action_flag": 2, "change_message": "Changed message."}}, {"model": "admin.logentry", "pk": 539, "fields": {"action_time": "2018-04-08T19:27:34.340Z", "user": 1, "content_type": 4, "object_id": "2", "object_repr": "example", "action_flag": 3, "change_message": ""}}, {"model": "admin.logentry", "pk": 540, "fields": {"action_time": "2018-04-08T19:29:47.767Z", "user": 1, "content_type": 4, "object_id": "3", "object_repr": "example", "action_flag": 2, "change_message": "Changed password."}}, {"model": "admin.logentry", "pk": 541, "fields": {"action_time": "2018-04-08T19:45:34.954Z", "user": 1, "content_type": 14, "object_id": "2", "object_repr": "example", "action_flag": 2, "change_message": "Changed points."}}, {"model": "admin.logentry", "pk": 542, "fields": {"action_time": "2018-04-08T19:58:53.981Z", "user": 1, "content_type": 14, "object_id": "2", "object_repr": "example", "action_flag": 2, "change_message": "Changed points."}}, {"model": "admin.logentry", "pk": 543, "fields": {"action_time": "2018-04-08T22:10:57.990Z", "user": 1, "content_type": 12, "object_id": "176", "object_repr": "audrey's Broccoli", "action_flag": 1, "change_message": "Added."}}, {"model": "admin.logentry", "pk": 544, "fields": {"action_time": "2018-04-08T22:15:06.544Z", "user": 1, "content_type": 36, "object_id": "1", "object_repr": "audrey's quest from the Goddess of neglect", "action_flag": 2, "change_message": "Changed completed."}}, {"model": "admin.logentry", "pk": 545, "fields": {"action_time": "2018-04-08T22:15:37.809Z", "user": 1, "content_type": 12, "object_id": "178", "object_repr": "audrey's Wheat Bread", "action_flag": 1, "change_message": "Added."}}, {"model": "admin.logentry", "pk": 546, "fields": {"action_time": "2018-04-08T22:28:39.898Z", "user": 1, "content_type": 11, "object_id": "85", "object_repr": "Yellow Monkey Plush", "action_flag": 2, "change_message": "Changed url."}}, {"model": "admin.logentry", "pk": 547, "fields": {"action_time": "2018-04-08T22:28:42.887Z", "user": 1, "content_type": 11, "object_id": "84", "object_repr": "Tiger Monkey Plush", "action_flag": 2, "change_message": "Changed url."}}, {"model": "admin.logentry", "pk": 548, "fields": {"action_time": "2018-04-08T22:28:46.083Z", "user": 1, "content_type": 11, "object_id": "83", "object_repr": "Sea Monkey Plush", "action_flag": 2, "change_message": "Changed url."}}, {"model": "admin.logentry", "pk": 549, "fields": {"action_time": "2018-04-08T22:28:49.822Z", "user": 1, "content_type": 11, "object_id": "82", "object_repr": "Red Monkey Plush", "action_flag": 2, "change_message": "Changed url."}}, {"model": "admin.logentry", "pk": 550, "fields": {"action_time": "2018-04-08T22:28:52.618Z", "user": 1, "content_type": 11, "object_id": "81", "object_repr": "Green Monkey Plush", "action_flag": 2, "change_message": "Changed url."}}, {"model": "admin.logentry", "pk": 551, "fields": {"action_time": "2018-04-08T22:28:55.681Z", "user": 1, "content_type": 11, "object_id": "80", "object_repr": "Glitter Monkey Plush", "action_flag": 2, "change_message": "Changed url."}}, {"model": "admin.logentry", "pk": 552, "fields": {"action_time": "2018-04-08T22:28:59.243Z", "user": 1, "content_type": 11, "object_id": "79", "object_repr": "Gingham Monkey Plush", "action_flag": 2, "change_message": "Changed url."}}, {"model": "admin.logentry", "pk": 553, "fields": {"action_time": "2018-04-08T22:29:02.402Z", "user": 1, "content_type": 11, "object_id": "78", "object_repr": "Cloud Monkey Plush", "action_flag": 2, "change_message": "Changed url."}}, {"model": "admin.logentry", "pk": 554, "fields": {"action_time": "2018-04-08T22:29:05.415Z", "user": 1, "content_type": 11, "object_id": "77", "object_repr": "Blue Monkey Plush", "action_flag": 2, "change_message": "Changed url."}}, {"model": "admin.logentry", "pk": 555, "fields": {"action_time": "2018-04-08T22:29:08.131Z", "user": 1, "content_type": 11, "object_id": "76", "object_repr": "Black Monkey Plush", "action_flag": 2, "change_message": "Changed url."}}, {"model": "admin.logentry", "pk": 556, "fields": {"action_time": "2018-04-08T22:29:29.180Z", "user": 1, "content_type": 11, "object_id": "66", "object_repr": "Black Lizard Plush", "action_flag": 2, "change_message": "Changed url."}}, {"model": "admin.logentry", "pk": 557, "fields": {"action_time": "2018-04-08T22:29:32.105Z", "user": 1, "content_type": 11, "object_id": "67", "object_repr": "Blue  Lizard Plush", "action_flag": 2, "change_message": "Changed url."}}, {"model": "admin.logentry", "pk": 558, "fields": {"action_time": "2018-04-08T22:29:35.942Z", "user": 1, "content_type": 11, "object_id": "68", "object_repr": "Gingham Lizard Plush", "action_flag": 2, "change_message": "Changed url."}}, {"model": "admin.logentry", "pk": 559, "fields": {"action_time": "2018-04-08T22:29:39.300Z", "user": 1, "content_type": 11, "object_id": "69", "object_repr": "Glitter Lizard Plush", "action_flag": 2, "change_message": "Changed url."}}, {"model": "admin.logentry", "pk": 560, "fields": {"action_time": "2018-04-08T22:29:42.255Z", "user": 1, "content_type": 11, "object_id": "70", "object_repr": "Green Lizard Plush", "action_flag": 2, "change_message": "Changed url."}}, {"model": "admin.logentry", "pk": 561, "fields": {"action_time": "2018-04-08T22:29:45.113Z", "user": 1, "content_type": 11, "object_id": "71", "object_repr": "Red Lizard Plush", "action_flag": 2, "change_message": "Changed url."}}, {"model": "admin.logentry", "pk": 562, "fields": {"action_time": "2018-04-08T22:29:47.968Z", "user": 1, "content_type": 11, "object_id": "72", "object_repr": "Sea Lizard Plush", "action_flag": 2, "change_message": "Changed url."}}, {"model": "admin.logentry", "pk": 563, "fields": {"action_time": "2018-04-08T22:29:51.008Z", "user": 1, "content_type": 11, "object_id": "73", "object_repr": "Cloud Lizard Plush", "action_flag": 2, "change_message": "Changed url."}}, {"model": "admin.logentry", "pk": 564, "fields": {"action_time": "2018-04-08T22:29:54.438Z", "user": 1, "content_type": 11, "object_id": "74", "object_repr": "Tiger Lizard Plush", "action_flag": 2, "change_message": "Changed url."}}, {"model": "admin.logentry", "pk": 565, "fields": {"action_time": "2018-04-08T22:29:58.096Z", "user": 1, "content_type": 11, "object_id": "75", "object_repr": "Yellow Lizard Plush", "action_flag": 2, "change_message": "Changed url."}}, {"model": "admin.logentry", "pk": 566, "fields": {"action_time": "2018-04-08T22:30:14.333Z", "user": 1, "content_type": 11, "object_id": "56", "object_repr": "Black Tapir Plush", "action_flag": 2, "change_message": "Changed url."}}, {"model": "admin.logentry", "pk": 567, "fields": {"action_time": "2018-04-08T22:30:17.121Z", "user": 1, "content_type": 11, "object_id": "57", "object_repr": "Blue Tapir Plush", "action_flag": 2, "change_message": "Changed url."}}, {"model": "admin.logentry", "pk": 568, "fields": {"action_time": "2018-04-08T22:30:19.959Z", "user": 1, "content_type": 11, "object_id": "58", "object_repr": "Cloud Tapir Plush", "action_flag": 2, "change_message": "Changed url."}}, {"model": "admin.logentry", "pk": 569, "fields": {"action_time": "2018-04-08T22:30:22.823Z", "user": 1, "content_type": 11, "object_id": "59", "object_repr": "Gingham Tapir Plush", "action_flag": 2, "change_message": "Changed url."}}, {"model": "admin.logentry", "pk": 570, "fields": {"action_time": "2018-04-08T22:30:25.281Z", "user": 1, "content_type": 11, "object_id": "60", "object_repr": "Glitter Tapir Plush", "action_flag": 2, "change_message": "Changed url."}}, {"model": "admin.logentry", "pk": 571, "fields": {"action_time": "2018-04-08T22:30:28.506Z", "user": 1, "content_type": 11, "object_id": "61", "object_repr": "Green Tapir Plush", "action_flag": 2, "change_message": "Changed url."}}, {"model": "admin.logentry", "pk": 572, "fields": {"action_time": "2018-04-08T22:30:31.217Z", "user": 1, "content_type": 11, "object_id": "62", "object_repr": "Red Tapir Plush", "action_flag": 2, "change_message": "Changed url."}}, {"model": "admin.logentry", "pk": 573, "fields": {"action_time": "2018-04-08T22:30:33.827Z", "user": 1, "content_type": 11, "object_id": "63", "object_repr": "Sea Tapir Plush", "action_flag": 2, "change_message": "Changed url."}}, {"model": "admin.logentry", "pk": 574, "fields": {"action_time": "2018-04-08T22:30:36.480Z", "user": 1, "content_type": 11, "object_id": "64", "object_repr": "Tiger Tapir Plush", "action_flag": 2, "change_message": "Changed url."}}, {"model": "admin.logentry", "pk": 575, "fields": {"action_time": "2018-04-08T22:30:39.208Z", "user": 1, "content_type": 11, "object_id": "65", "object_repr": "Yellow Tapir Plush", "action_flag": 2, "change_message": "Changed url."}}, {"model": "admin.logentry", "pk": 576, "fields": {"action_time": "2018-04-08T22:31:12.399Z", "user": 1, "content_type": 11, "object_id": "55", "object_repr": "Yellow Dino Plush", "action_flag": 2, "change_message": "Changed url."}}, {"model": "admin.logentry", "pk": 577, "fields": {"action_time": "2018-04-08T22:31:16.534Z", "user": 1, "content_type": 11, "object_id": "54", "object_repr": "Tiger Dino Plush", "action_flag": 2, "change_message": "Changed url."}}, {"model": "admin.logentry", "pk": 578, "fields": {"action_time": "2018-04-08T22:31:19.194Z", "user": 1, "content_type": 11, "object_id": "53", "object_repr": "Sea Dino Plush", "action_flag": 2, "change_message": "Changed url."}}, {"model": "admin.logentry", "pk": 579, "fields": {"action_time": "2018-04-08T22:31:22.639Z", "user": 1, "content_type": 11, "object_id": "52", "object_repr": "Red Dino Plush", "action_flag": 2, "change_message": "Changed url."}}, {"model": "admin.logentry", "pk": 580, "fields": {"action_time": "2018-04-08T22:31:25.485Z", "user": 1, "content_type": 11, "object_id": "51", "object_repr": "Green Dino Plush", "action_flag": 2, "change_message": "Changed url."}}, {"model": "admin.logentry", "pk": 581, "fields": {"action_time": "2018-04-08T22:31:28.098Z", "user": 1, "content_type": 11, "object_id": "50", "object_repr": "Glitter Dino Plush", "action_flag": 2, "change_message": "Changed url."}}, {"model": "admin.logentry", "pk": 582, "fields": {"action_time": "2018-04-08T22:31:30.857Z", "user": 1, "content_type": 11, "object_id": "49", "object_repr": "Gingham Dino Plush", "action_flag": 2, "change_message": "Changed url."}}, {"model": "admin.logentry", "pk": 583, "fields": {"action_time": "2018-04-08T22:31:33.678Z", "user": 1, "content_type": 11, "object_id": "48", "object_repr": "Cloud Dino Plush", "action_flag": 2, "change_message": "Changed url."}}, {"model": "admin.logentry", "pk": 584, "fields": {"action_time": "2018-04-08T22:31:36.564Z", "user": 1, "content_type": 11, "object_id": "47", "object_repr": "Blue Dino Plush", "action_flag": 2, "change_message": "Changed url."}}, {"model": "admin.logentry", "pk": 585, "fields": {"action_time": "2018-04-08T22:31:39.458Z", "user": 1, "content_type": 11, "object_id": "46", "object_repr": "Black Dino Plush", "action_flag": 2, "change_message": "Changed url."}}, {"model": "admin.logentry", "pk": 586, "fields": {"action_time": "2018-04-08T22:31:42.005Z", "user": 1, "content_type": 11, "object_id": "45", "object_repr": "Yellow Mouse Plush", "action_flag": 2, "change_message": "Changed url."}}, {"model": "admin.logentry", "pk": 587, "fields": {"action_time": "2018-04-08T22:31:44.542Z", "user": 1, "content_type": 11, "object_id": "44", "object_repr": "Tiger Mouse Plush", "action_flag": 2, "change_message": "Changed url."}}, {"model": "admin.logentry", "pk": 588, "fields": {"action_time": "2018-04-08T22:31:46.867Z", "user": 1, "content_type": 11, "object_id": "43", "object_repr": "Sea Mouse Plush", "action_flag": 2, "change_message": "Changed url."}}, {"model": "admin.logentry", "pk": 589, "fields": {"action_time": "2018-04-08T22:31:50.283Z", "user": 1, "content_type": 11, "object_id": "42", "object_repr": "Red Mouse Plush", "action_flag": 2, "change_message": "Changed url."}}, {"model": "admin.logentry", "pk": 590, "fields": {"action_time": "2018-04-08T22:31:52.901Z", "user": 1, "content_type": 11, "object_id": "41", "object_repr": "Green Mouse Plush", "action_flag": 2, "change_message": "Changed url."}}, {"model": "admin.logentry", "pk": 591, "fields": {"action_time": "2018-04-08T22:31:55.383Z", "user": 1, "content_type": 11, "object_id": "40", "object_repr": "Glitter Mouse Plush", "action_flag": 2, "change_message": "Changed url."}}, {"model": "admin.logentry", "pk": 592, "fields": {"action_time": "2018-04-08T22:31:58.438Z", "user": 1, "content_type": 11, "object_id": "39", "object_repr": "Gingham Mouse Plush", "action_flag": 2, "change_message": "Changed url."}}, {"model": "admin.logentry", "pk": 593, "fields": {"action_time": "2018-04-08T22:32:01.130Z", "user": 1, "content_type": 11, "object_id": "38", "object_repr": "Cloud Mouse Plush", "action_flag": 2, "change_message": "Changed url."}}, {"model": "admin.logentry", "pk": 594, "fields": {"action_time": "2018-04-08T22:32:03.843Z", "user": 1, "content_type": 11, "object_id": "37", "object_repr": "Blue Mouse Plush", "action_flag": 2, "change_message": "Changed url."}}, {"model": "admin.logentry", "pk": 595, "fields": {"action_time": "2018-04-08T22:32:06.484Z", "user": 1, "content_type": 11, "object_id": "36", "object_repr": "Black Mouse Plush", "action_flag": 2, "change_message": "Changed url."}}, {"model": "admin.logentry", "pk": 596, "fields": {"action_time": "2018-04-08T22:32:33.151Z", "user": 1, "content_type": 32, "object_id": "1", "object_repr": "audrey's Shop", "action_flag": 2, "change_message": "Changed items."}}, {"model": "admin.logentry", "pk": 597, "fields": {"action_time": "2018-04-08T22:40:09.080Z", "user": 1, "content_type": 11, "object_id": "76", "object_repr": "Black Monkey Plush", "action_flag": 2, "change_message": "Changed url."}}, {"model": "admin.logentry", "pk": 598, "fields": {"action_time": "2018-04-08T22:40:15.784Z", "user": 1, "content_type": 11, "object_id": "77", "object_repr": "Blue Monkey Plush", "action_flag": 2, "change_message": "Changed url."}}, {"model": "admin.logentry", "pk": 599, "fields": {"action_time": "2018-04-08T22:40:21.982Z", "user": 1, "content_type": 11, "object_id": "78", "object_repr": "Cloud Monkey Plush", "action_flag": 2, "change_message": "Changed url."}}, {"model": "admin.logentry", "pk": 600, "fields": {"action_time": "2018-04-08T22:40:29.498Z", "user": 1, "content_type": 11, "object_id": "79", "object_repr": "Gingham Monkey Plush", "action_flag": 2, "change_message": "Changed url."}}, {"model": "admin.logentry", "pk": 601, "fields": {"action_time": "2018-04-08T22:40:36.332Z", "user": 1, "content_type": 11, "object_id": "80", "object_repr": "Glitter Monkey Plush", "action_flag": 2, "change_message": "Changed url."}}, {"model": "admin.logentry", "pk": 602, "fields": {"action_time": "2018-04-08T22:40:42.882Z", "user": 1, "content_type": 11, "object_id": "81", "object_repr": "Green Monkey Plush", "action_flag": 2, "change_message": "Changed url."}}, {"model": "admin.logentry", "pk": 603, "fields": {"action_time": "2018-04-08T22:40:51.076Z", "user": 1, "content_type": 11, "object_id": "82", "object_repr": "Red Monkey Plush", "action_flag": 2, "change_message": "Changed url."}}, {"model": "admin.logentry", "pk": 604, "fields": {"action_time": "2018-04-08T22:40:56.347Z", "user": 1, "content_type": 11, "object_id": "83", "object_repr": "Sea Monkey Plush", "action_flag": 2, "change_message": "Changed url."}}, {"model": "admin.logentry", "pk": 605, "fields": {"action_time": "2018-04-08T22:41:03.701Z", "user": 1, "content_type": 11, "object_id": "84", "object_repr": "Tiger Monkey Plush", "action_flag": 2, "change_message": "Changed url."}}, {"model": "admin.logentry", "pk": 606, "fields": {"action_time": "2018-04-08T22:41:09.869Z", "user": 1, "content_type": 11, "object_id": "85", "object_repr": "Yellow Monkey Plush", "action_flag": 2, "change_message": "Changed url."}}, {"model": "admin.logentry", "pk": 607, "fields": {"action_time": "2018-04-08T22:47:43.543Z", "user": 1, "content_type": 11, "object_id": "66", "object_repr": "Black Lizard Plush", "action_flag": 2, "change_message": "Changed url."}}, {"model": "admin.logentry", "pk": 608, "fields": {"action_time": "2018-04-08T22:48:01.902Z", "user": 1, "content_type": 11, "object_id": "67", "object_repr": "Blue  Lizard Plush", "action_flag": 2, "change_message": "Changed url."}}, {"model": "admin.logentry", "pk": 609, "fields": {"action_time": "2018-04-08T22:48:11.305Z", "user": 1, "content_type": 11, "object_id": "68", "object_repr": "Gingham Lizard Plush", "action_flag": 2, "change_message": "Changed url."}}, {"model": "admin.logentry", "pk": 610, "fields": {"action_time": "2018-04-08T22:48:17.554Z", "user": 1, "content_type": 11, "object_id": "69", "object_repr": "Glitter Lizard Plush", "action_flag": 2, "change_message": "Changed url."}}, {"model": "admin.logentry", "pk": 611, "fields": {"action_time": "2018-04-08T22:48:24.622Z", "user": 1, "content_type": 11, "object_id": "70", "object_repr": "Green Lizard Plush", "action_flag": 2, "change_message": "Changed url."}}, {"model": "admin.logentry", "pk": 612, "fields": {"action_time": "2018-04-08T22:48:30.319Z", "user": 1, "content_type": 11, "object_id": "71", "object_repr": "Red Lizard Plush", "action_flag": 2, "change_message": "Changed url."}}, {"model": "admin.logentry", "pk": 613, "fields": {"action_time": "2018-04-08T22:48:36.168Z", "user": 1, "content_type": 11, "object_id": "72", "object_repr": "Sea Lizard Plush", "action_flag": 2, "change_message": "Changed url."}}, {"model": "admin.logentry", "pk": 614, "fields": {"action_time": "2018-04-08T22:48:43.964Z", "user": 1, "content_type": 11, "object_id": "73", "object_repr": "Cloud Lizard Plush", "action_flag": 2, "change_message": "Changed url."}}, {"model": "admin.logentry", "pk": 615, "fields": {"action_time": "2018-04-08T22:48:50.883Z", "user": 1, "content_type": 11, "object_id": "74", "object_repr": "Tiger Lizard Plush", "action_flag": 2, "change_message": "Changed url."}}, {"model": "admin.logentry", "pk": 616, "fields": {"action_time": "2018-04-08T22:48:57.279Z", "user": 1, "content_type": 11, "object_id": "75", "object_repr": "Yellow Lizard Plush", "action_flag": 2, "change_message": "Changed url."}}, {"model": "admin.logentry", "pk": 617, "fields": {"action_time": "2018-04-08T22:49:15.396Z", "user": 1, "content_type": 11, "object_id": "56", "object_repr": "Black Tapir Plush", "action_flag": 2, "change_message": "Changed url."}}, {"model": "admin.logentry", "pk": 618, "fields": {"action_time": "2018-04-08T22:49:24.499Z", "user": 1, "content_type": 11, "object_id": "57", "object_repr": "Blue Tapir Plush", "action_flag": 2, "change_message": "Changed url."}}, {"model": "admin.logentry", "pk": 619, "fields": {"action_time": "2018-04-08T22:49:30.287Z", "user": 1, "content_type": 11, "object_id": "58", "object_repr": "Cloud Tapir Plush", "action_flag": 2, "change_message": "Changed url."}}, {"model": "admin.logentry", "pk": 620, "fields": {"action_time": "2018-04-08T22:49:35.874Z", "user": 1, "content_type": 11, "object_id": "59", "object_repr": "Gingham Tapir Plush", "action_flag": 2, "change_message": "Changed url."}}, {"model": "admin.logentry", "pk": 621, "fields": {"action_time": "2018-04-08T22:49:41.310Z", "user": 1, "content_type": 11, "object_id": "60", "object_repr": "Glitter Tapir Plush", "action_flag": 2, "change_message": "Changed url."}}, {"model": "admin.logentry", "pk": 622, "fields": {"action_time": "2018-04-08T22:49:46.727Z", "user": 1, "content_type": 11, "object_id": "61", "object_repr": "Green Tapir Plush", "action_flag": 2, "change_message": "Changed url."}}, {"model": "admin.logentry", "pk": 623, "fields": {"action_time": "2018-04-08T22:49:52.044Z", "user": 1, "content_type": 11, "object_id": "62", "object_repr": "Red Tapir Plush", "action_flag": 2, "change_message": "Changed url."}}, {"model": "admin.logentry", "pk": 624, "fields": {"action_time": "2018-04-08T22:49:57.071Z", "user": 1, "content_type": 11, "object_id": "63", "object_repr": "Sea Tapir Plush", "action_flag": 2, "change_message": "Changed url."}}, {"model": "admin.logentry", "pk": 625, "fields": {"action_time": "2018-04-08T22:50:02.157Z", "user": 1, "content_type": 11, "object_id": "64", "object_repr": "Tiger Tapir Plush", "action_flag": 2, "change_message": "Changed url."}}, {"model": "admin.logentry", "pk": 626, "fields": {"action_time": "2018-04-08T22:50:09.602Z", "user": 1, "content_type": 11, "object_id": "65", "object_repr": "Yellow Tapir Plush", "action_flag": 2, "change_message": "Changed url."}}, {"model": "admin.logentry", "pk": 627, "fields": {"action_time": "2018-04-08T22:50:31.635Z", "user": 1, "content_type": 11, "object_id": "46", "object_repr": "Black Dino Plush", "action_flag": 2, "change_message": "Changed url."}}, {"model": "admin.logentry", "pk": 628, "fields": {"action_time": "2018-04-08T22:50:36.014Z", "user": 1, "content_type": 11, "object_id": "47", "object_repr": "Blue Dino Plush", "action_flag": 2, "change_message": "Changed url."}}, {"model": "admin.logentry", "pk": 629, "fields": {"action_time": "2018-04-08T22:50:39.813Z", "user": 1, "content_type": 11, "object_id": "48", "object_repr": "Cloud Dino Plush", "action_flag": 2, "change_message": "Changed url."}}, {"model": "admin.logentry", "pk": 630, "fields": {"action_time": "2018-04-08T22:50:45.478Z", "user": 1, "content_type": 11, "object_id": "49", "object_repr": "Gingham Dino Plush", "action_flag": 2, "change_message": "Changed url."}}, {"model": "admin.logentry", "pk": 631, "fields": {"action_time": "2018-04-08T22:51:04.032Z", "user": 1, "content_type": 11, "object_id": "50", "object_repr": "Glitter Dino Plush", "action_flag": 2, "change_message": "Changed url."}}, {"model": "admin.logentry", "pk": 632, "fields": {"action_time": "2018-04-08T22:51:08.479Z", "user": 1, "content_type": 11, "object_id": "51", "object_repr": "Green Dino Plush", "action_flag": 2, "change_message": "Changed url."}}, {"model": "admin.logentry", "pk": 633, "fields": {"action_time": "2018-04-08T22:51:12.225Z", "user": 1, "content_type": 11, "object_id": "52", "object_repr": "Red Dino Plush", "action_flag": 2, "change_message": "Changed url."}}, {"model": "admin.logentry", "pk": 634, "fields": {"action_time": "2018-04-08T22:51:17.396Z", "user": 1, "content_type": 11, "object_id": "53", "object_repr": "Sea Dino Plush", "action_flag": 2, "change_message": "Changed url."}}, {"model": "admin.logentry", "pk": 635, "fields": {"action_time": "2018-04-08T22:51:21.823Z", "user": 1, "content_type": 11, "object_id": "54", "object_repr": "Tiger Dino Plush", "action_flag": 2, "change_message": "Changed url."}}, {"model": "admin.logentry", "pk": 636, "fields": {"action_time": "2018-04-08T22:51:27.475Z", "user": 1, "content_type": 11, "object_id": "55", "object_repr": "Yellow Dino Plush", "action_flag": 2, "change_message": "Changed url."}}, {"model": "admin.logentry", "pk": 637, "fields": {"action_time": "2018-04-08T22:51:43.719Z", "user": 1, "content_type": 11, "object_id": "36", "object_repr": "Black Mouse Plush", "action_flag": 2, "change_message": "Changed url."}}, {"model": "admin.logentry", "pk": 638, "fields": {"action_time": "2018-04-08T22:51:48.420Z", "user": 1, "content_type": 11, "object_id": "37", "object_repr": "Blue Mouse Plush", "action_flag": 2, "change_message": "Changed url."}}, {"model": "admin.logentry", "pk": 639, "fields": {"action_time": "2018-04-08T22:51:53.729Z", "user": 1, "content_type": 11, "object_id": "38", "object_repr": "Cloud Mouse Plush", "action_flag": 2, "change_message": "Changed url."}}, {"model": "admin.logentry", "pk": 640, "fields": {"action_time": "2018-04-08T22:51:57.975Z", "user": 1, "content_type": 11, "object_id": "39", "object_repr": "Gingham Mouse Plush", "action_flag": 2, "change_message": "Changed url."}}, {"model": "admin.logentry", "pk": 641, "fields": {"action_time": "2018-04-08T22:52:03.040Z", "user": 1, "content_type": 11, "object_id": "40", "object_repr": "Glitter Mouse Plush", "action_flag": 2, "change_message": "Changed url."}}, {"model": "admin.logentry", "pk": 642, "fields": {"action_time": "2018-04-08T22:52:07.437Z", "user": 1, "content_type": 11, "object_id": "41", "object_repr": "Green Mouse Plush", "action_flag": 2, "change_message": "Changed url."}}, {"model": "admin.logentry", "pk": 643, "fields": {"action_time": "2018-04-08T22:52:12.195Z", "user": 1, "content_type": 11, "object_id": "42", "object_repr": "Red Mouse Plush", "action_flag": 2, "change_message": "Changed url."}}, {"model": "admin.logentry", "pk": 644, "fields": {"action_time": "2018-04-08T22:52:16.028Z", "user": 1, "content_type": 11, "object_id": "43", "object_repr": "Sea Mouse Plush", "action_flag": 2, "change_message": "Changed url."}}, {"model": "admin.logentry", "pk": 645, "fields": {"action_time": "2018-04-08T22:52:20.300Z", "user": 1, "content_type": 11, "object_id": "44", "object_repr": "Tiger Mouse Plush", "action_flag": 2, "change_message": "Changed url."}}, {"model": "admin.logentry", "pk": 646, "fields": {"action_time": "2018-04-08T22:52:24.592Z", "user": 1, "content_type": 11, "object_id": "45", "object_repr": "Yellow Mouse Plush", "action_flag": 2, "change_message": "Changed url."}}, {"model": "admin.logentry", "pk": 647, "fields": {"action_time": "2018-04-08T22:53:19.103Z", "user": 1, "content_type": 11, "object_id": "5", "object_repr": "To Injure a Mimicbird by Luter Lee", "action_flag": 2, "change_message": "Changed url."}}, {"model": "admin.logentry", "pk": 648, "fields": {"action_time": "2018-04-08T22:53:46.739Z", "user": 1, "content_type": 11, "object_id": "4", "object_repr": "The Girl on the Subway by Paul Falcons", "action_flag": 2, "change_message": "Changed url."}}, {"model": "admin.logentry", "pk": 649, "fields": {"action_time": "2018-04-08T22:53:55.612Z", "user": 1, "content_type": 11, "object_id": "3", "object_repr": "Fifty Shades of Beige by Eel Jame", "action_flag": 2, "change_message": "Changed url."}}, {"model": "admin.logentry", "pk": 650, "fields": {"action_time": "2018-04-08T22:54:06.606Z", "user": 1, "content_type": 11, "object_id": "2", "object_repr": "Dusk by Tiffany Mayor", "action_flag": 2, "change_message": "Changed url."}}, {"model": "admin.logentry", "pk": 651, "fields": {"action_time": "2018-04-08T22:54:26.473Z", "user": 1, "content_type": 11, "object_id": "1", "object_repr": "Catch-44 by Joe Hecker", "action_flag": 2, "change_message": "Changed url."}}, {"model": "admin.logentry", "pk": 652, "fields": {"action_time": "2018-04-08T22:55:17.203Z", "user": 1, "content_type": 32, "object_id": "1", "object_repr": "audrey's Shop", "action_flag": 2, "change_message": "Changed items."}}, {"model": "admin.logentry", "pk": 653, "fields": {"action_time": "2018-04-08T23:32:21.768Z", "user": 1, "content_type": 10, "object_id": "12", "object_repr": "junk food", "action_flag": 1, "change_message": "Added."}}, {"model": "admin.logentry", "pk": 654, "fields": {"action_time": "2018-04-08T23:33:29.161Z", "user": 1, "content_type": 11, "object_id": "157", "object_repr": "Burrito", "action_flag": 1, "change_message": "Added."}}, {"model": "admin.logentry", "pk": 655, "fields": {"action_time": "2018-04-08T23:34:01.228Z", "user": 1, "content_type": 11, "object_id": "158", "object_repr": "Cheeseburger", "action_flag": 1, "change_message": "Added."}}, {"model": "admin.logentry", "pk": 656, "fields": {"action_time": "2018-04-08T23:34:23.641Z", "user": 1, "content_type": 11, "object_id": "159", "object_repr": "Chicken Nuggets", "action_flag": 1, "change_message": "Added."}}, {"model": "admin.logentry", "pk": 657, "fields": {"action_time": "2018-04-08T23:34:55.046Z", "user": 1, "content_type": 11, "object_id": "160", "object_repr": "Chocolate Ice Cream Cone", "action_flag": 1, "change_message": "Added."}}, {"model": "admin.logentry", "pk": 658, "fields": {"action_time": "2018-04-08T23:35:16.212Z", "user": 1, "content_type": 11, "object_id": "161", "object_repr": "Chocolate Milkshake", "action_flag": 1, "change_message": "Added."}}, {"model": "admin.logentry", "pk": 659, "fields": {"action_time": "2018-04-08T23:35:54.168Z", "user": 1, "content_type": 11, "object_id": "162", "object_repr": "French Fries", "action_flag": 1, "change_message": "Added."}}, {"model": "admin.logentry", "pk": 660, "fields": {"action_time": "2018-04-08T23:36:17.671Z", "user": 1, "content_type": 11, "object_id": "163", "object_repr": "Nachos With Cheese", "action_flag": 1, "change_message": "Added."}}, {"model": "admin.logentry", "pk": 661, "fields": {"action_time": "2018-04-08T23:36:59.658Z", "user": 1, "content_type": 11, "object_id": "164", "object_repr": "Strawberry Ice Cream Cone", "action_flag": 1, "change_message": "Added."}}, {"model": "admin.logentry", "pk": 662, "fields": {"action_time": "2018-04-08T23:37:10.505Z", "user": 1, "content_type": 11, "object_id": "164", "object_repr": "Strawberry Ice Cream Cone", "action_flag": 2, "change_message": "Changed price_class."}}, {"model": "admin.logentry", "pk": 663, "fields": {"action_time": "2018-04-08T23:37:35.181Z", "user": 1, "content_type": 11, "object_id": "165", "object_repr": "Strawberry Milkshake", "action_flag": 1, "change_message": "Added."}}, {"model": "admin.logentry", "pk": 664, "fields": {"action_time": "2018-04-08T23:37:56.867Z", "user": 1, "content_type": 11, "object_id": "166", "object_repr": "Taco", "action_flag": 1, "change_message": "Added."}}, {"model": "admin.logentry", "pk": 665, "fields": {"action_time": "2018-04-08T23:38:04.269Z", "user": 1, "content_type": 11, "object_id": "166", "object_repr": "Taco", "action_flag": 2, "change_message": "No fields changed."}}, {"model": "admin.logentry", "pk": 666, "fields": {"action_time": "2018-04-08T23:38:24.429Z", "user": 1, "content_type": 11, "object_id": "167", "object_repr": "Tater Tots", "action_flag": 1, "change_message": "Added."}}, {"model": "admin.logentry", "pk": 667, "fields": {"action_time": "2018-04-08T23:38:55.244Z", "user": 1, "content_type": 11, "object_id": "168", "object_repr": "Triple Cheeseburger", "action_flag": 1, "change_message": "Added."}}, {"model": "admin.logentry", "pk": 668, "fields": {"action_time": "2018-04-08T23:40:36.956Z", "user": 1, "content_type": 11, "object_id": "169", "object_repr": "Triple Scoop Ice Cream Cone", "action_flag": 1, "change_message": "Added."}}, {"model": "admin.logentry", "pk": 669, "fields": {"action_time": "2018-04-08T23:42:38.134Z", "user": 1, "content_type": 11, "object_id": "170", "object_repr": "Vanilla Ice Cream Cone", "action_flag": 1, "change_message": "Added."}}, {"model": "admin.logentry", "pk": 670, "fields": {"action_time": "2018-04-08T23:43:04.249Z", "user": 1, "content_type": 11, "object_id": "170", "object_repr": "Vanilla Ice Cream Cone", "action_flag": 2, "change_message": "Changed price_class and rarity."}}, {"model": "admin.logentry", "pk": 671, "fields": {"action_time": "2018-04-08T23:44:26.568Z", "user": 1, "content_type": 11, "object_id": "171", "object_repr": "Vanilla Milkshake", "action_flag": 1, "change_message": "Added."}}, {"model": "admin.logentry", "pk": 672, "fields": {"action_time": "2018-04-08T23:44:37.553Z", "user": 1, "content_type": 11, "object_id": "171", "object_repr": "Vanilla Milkshake", "action_flag": 2, "change_message": "Changed rarity."}}, {"model": "admin.logentry", "pk": 673, "fields": {"action_time": "2018-04-08T23:48:07.442Z", "user": 1, "content_type": 13, "object_id": "6", "object_repr": "Quick Trip", "action_flag": 1, "change_message": "Added."}}, {"model": "goddess.quest", "pk": 1, "fields": {"user": 1, "goddess": "neglect", "requested_item": 11, "completed": true, "reward_item": 68, "reward_points": null, "date": "2018-04-08T21:33:37Z"}}, {"model": "goddess.quest", "pk": 2, "fields": {"user": 1, "goddess": "neglect", "requested_item": 148, "completed": true, "reward_item": 44, "reward_points": null, "date": "2018-04-08T22:15:12.122Z"}}, {"model": "goddess.quest", "pk": 3, "fields": {"user": 1, "goddess": "neglect", "requested_item": 146, "completed": true, "reward_item": 84, "reward_points": null, "date": "2018-04-08T22:16:02.548Z"}}, {"model": "goddess.quest", "pk": 4, "fields": {"user": 1, "goddess": "neglect", "requested_item": 146, "completed": true, "reward_item": 84, "reward_points": null, "date": "2018-04-08T22:16:41.207Z"}}, {"model": "goddess.quest", "pk": 5, "fields": {"user": 1, "goddess": "neglect", "requested_item": 146, "completed": true, "reward_item": 75, "reward_points": 625, "date": "2018-04-08T22:19:30.713Z"}}, {"model": "goddess.quest", "pk": 6, "fields": {"user": 1, "goddess": "neglect", "requested_item": 157, "completed": true, "reward_item": null, "reward_points": 685, "date": "2018-04-09T22:37:21.360Z"}}, {"model": "goddess.quest", "pk": 7, "fields": {"user": 1, "goddess": "neglect", "requested_item": 39, "completed": true, "reward_item": 62, "reward_points": 389, "date": "2018-04-09T22:38:05.564Z"}}, {"model": "goddess.quest", "pk": 8, "fields": {"user": 1, "goddess": "neglect", "requested_item": 13, "completed": false, "reward_item": null, "reward_points": 411, "date": "2018-04-10T21:05:42.096Z"}}, {"model": "social.reply", "pk": 1, "fields": {"user": 1, "topic": 2, "message": "Donec vitae tincidunt est. Proin viverra porttitor erat, id placerat arcu tempor nec. In fringilla dignissim posuere. Nullam euismod ligula eu ipsum vehicula, vel posuere orci dapibus. Donec maximus justo vitae enim cursus rutrum. Vivamus rhoncus at velit vel semper. Curabitur facilisis magna enim, ac efficitur enim egestas eget. Nam convallis ullamcorper dui, quis lobortis sapien blandit nec. Proin sit amet finibus nisi. Maecenas gravida nunc nibh, interdum elementum nisl euismod at. Donec quis aliquam mi, nec cursus ipsum.", "date": "2018-04-07T19:56:01Z", "deleted": false, "deleted_reason": null}}, {"model": "social.reply", "pk": 2, "fields": {"user": 1, "topic": 2, "message": "Aliquam dapibus pellentesque enim, sit amet semper velit commodo in. Aliquam erat volutpat. Maecenas ultricies aliquam lorem, dapibus ultricies lorem convallis id. Suspendisse felis ex, semper sit amet pretium quis, viverra eu velit. In eget gravida diam, et fringilla ligula. \r\n\r\nNulla hendrerit risus at augue dictum viverra. Etiam ac dictum tortor. Maecenas eu erat aliquam, rutrum tellus eget, iaculis dolor. Nullam mollis ligula eros, id molestie mauris ultrices ut. Cras convallis et tortor in vehicula.", "date": "2018-04-07T20:03:39Z", "deleted": false, "deleted_reason": null}}, {"model": "social.reply", "pk": 3, "fields": {"user": 1, "topic": 2, "message": "Vestibulum vestibulum finibus ex, id tincidunt nisl eleifend in. Proin nec pharetra nibh, nec scelerisque magna. Quisque libero metus, vestibulum dictum dui quis, bibendum tincidunt velit.", "date": "2018-04-07T20:36:01.566Z", "deleted": false, "deleted_reason": null}}, {"model": "social.reply", "pk": 4, "fields": {"user": 3, "topic": 3, "message": "Reply from different user", "date": "2018-04-08T19:37:12.922Z", "deleted": false, "deleted_reason": null}}, {"model": "social.topic", "pk": 1, "fields": {"user": 1, "board": 1, "title": "First Announcement", "slug": "first-announcement", "message": "stuff", "date": "2018-04-07T00:49:44Z", "deleted": false, "locked": false}}, {"model": "social.topic", "pk": 2, "fields": {"user": 1, "board": 1, "title": "Second Announcement", "slug": "second-announcement-audrey", "message": "Vivamus vel massa aliquet, porttitor nibh nec, ornare massa. In hac habitasse platea dictumst. Nulla venenatis augue a fermentum mollis. Suspendisse eu felis sodales, ultricies eros sed, faucibus velit. Nunc lobortis erat sapien, a porttitor nulla ullamcorper sed.\r\n\r\nNulla pretium malesuada tempus. Nullam sodales felis sit amet leo scelerisque, a convallis enim varius. Phasellus ultricies convallis iaculis. Integer nec velit at justo semper finibus. Mauris ac est laoreet, aliquet diam ac, dictum sapien. Pellentesque semper ultricies molestie. Nulla ac lorem bibendum felis interdum feugiat in id leo.", "date": "2018-04-07T01:45:18Z", "deleted": false, "locked": false}}, {"model": "social.topic", "pk": 3, "fields": {"user": 1, "board": 1, "title": "Third Announcement", "slug": "third-announcement-audrey", "message": "Third", "date": "2018-04-07T21:24:23.464Z", "deleted": false, "locked": false}}, {"model": "social.topic", "pk": 4, "fields": {"user": 1, "board": 1, "title": "Third Announcement", "slug": "third-announcement-audrey-2", "message": "test", "date": "2018-04-07T21:27:20.543Z", "deleted": true, "locked": false}}, {"model": "social.badge", "pk": 1, "fields": {"user": 1, "rank": "amateur", "area": "plush-collecting", "awarded": "2018-03-26T03:20:30.089Z"}}, {"model": "social.badge", "pk": 2, "fields": {"user": 1, "rank": "amateur", "area": "gamer", "awarded": "2018-03-26T03:37:54.174Z"}}, {"model": "social.message", "pk": 6, "fields": {"sending_user": null, "receiving_user": 1, "original_message": null, "date": "2018-03-21T02:34:30.818Z", "subject": "Congratulations!", "text": "You have just reached 10 plushies in your gallery! You have been awarded the Amateur Plushie Collector Badge.", "read": false, "deleted_by_sender": false, "deleted_by_receiver": true}}, {"model": "social.message", "pk": 7, "fields": {"sending_user": null, "receiving_user": 1, "original_message": null, "date": "2018-03-21T02:37:01.697Z", "subject": "Congratulations!", "text": "You have just reached 10 plushies in your gallery! You have been awarded the Amateur Plushie Collector Badge.", "read": true, "deleted_by_sender": false, "deleted_by_receiver": false}}, {"model": "social.message", "pk": 8, "fields": {"sending_user": null, "receiving_user": 1, "original_message": null, "date": "2018-03-26T03:37:54.172Z", "subject": "Congratulations!", "text": "You have just reached 100 total scores sent in games! You have been awarded the Amateur Gamer Badge.", "read": true, "deleted_by_sender": false, "deleted_by_receiver": false}}, {"model": "social.message", "pk": 9, "fields": {"sending_user": null, "receiving_user": 3, "original_message": null, "date": "2018-04-10T02:28:39.237Z", "subject": "Oh No!", "text": "Your pet has become very ill. It is recommended that you take them to the hospital.", "read": false, "deleted_by_sender": false, "deleted_by_receiver": false}}, {"model": "world.dailyclaim", "pk": 5, "fields": {"user": 1, "daily_type": "garden", "message": "You look around in the bushes, and find a book (To Injure a Mimicbird by Luter Lee) that was accidentally left here. No one notices when you slip it into your bag...", "reward": 5, "points": null, "date_of_claim": "2018-03-18T09:43:48.098Z"}}, {"model": "world.dailyclaim", "pk": 6, "fields": {"user": 1, "daily_type": "garden", "message": "You spend some time looking, and eventually get bored and leave.", "reward": null, "points": null, "date_of_claim": "2018-03-19T17:47:15.207Z"}}, {"model": "world.dailyclaim", "pk": 7, "fields": {"user": 1, "daily_type": "garden", "message": "You spend some time looking, and eventually get bored and leave.", "reward": null, "points": null, "date_of_claim": "2018-03-21T00:25:13.433Z"}}, {"model": "world.dailyclaim", "pk": 8, "fields": {"user": 1, "daily_type": "garden", "message": "You spend some time looking, and notice 368 points on the ground. Thankfully no one else was observant enough to see you take them!", "reward": null, "points": 368, "date_of_claim": "2018-03-21T20:43:09.134Z"}}, {"model": "world.dailyclaim", "pk": 9, "fields": {"user": 1, "daily_type": "garden", "message": "You spend some time looking, and eventually get bored and leave.", "reward": null, "points": null, "date_of_claim": "2018-03-22T18:05:33.941Z"}}, {"model": "world.dailyclaim", "pk": 10, "fields": {"user": 1, "daily_type": "neglect", "message": "Thank you for keeping your pet happy and healthy! You have received a Mango as a reward.", "reward": 96, "points": null, "date_of_claim": "2018-03-22T19:15:52Z"}}, {"model": "world.dailyclaim", "pk": 11, "fields": {"user": 1, "daily_type": "garden", "message": "You spend some time looking, and notice 382 points on the ground. Thankfully no one else was observant enough to see you take them!", "reward": null, "points": 382, "date_of_claim": "2018-03-25T05:55:20.819Z"}}, {"model": "world.dailyclaim", "pk": 12, "fields": {"user": 1, "daily_type": "neglect", "message": "Thank you for keeping your pet happy and healthy! You have received a Spices as a reward.", "reward": 146, "points": null, "date_of_claim": "2018-03-25T22:45:54.068Z"}}, {"model": "world.dailyclaim", "pk": 13, "fields": {"user": 1, "daily_type": "neglect", "message": "Thank you for keeping your pet happy and healthy! You have received a Spices as a reward.", "reward": 146, "points": null, "date_of_claim": "2018-03-26T16:21:05.232Z"}}, {"model": "world.dailyclaim", "pk": 14, "fields": {"user": 1, "daily_type": "neglect", "message": "Thank you for keeping your pet happy and healthy! You have received a Herbal Tea as a reward.", "reward": 18, "points": null, "date_of_claim": "2018-04-06T18:55:38.668Z"}}, {"model": "world.dailyclaim", "pk": 15, "fields": {"user": 1, "daily_type": "garden", "message": "You spend some time looking, and eventually get bored and leave.", "reward": null, "points": null, "date_of_claim": "2018-04-06T22:54:46.026Z"}}, {"model": "world.score", "pk": 62, "fields": {"user": 1, "game": "blackjack", "date": "2018-03-20T04:01:45.161Z", "score": null}}, {"model": "world.score", "pk": 63, "fields": {"user": 1, "game": "blackjack", "date": "2018-03-20T04:01:55.823Z", "score": null}}, {"model": "world.score", "pk": 64, "fields": {"user": 1, "game": "blackjack", "date": "2018-03-20T04:02:26.878Z", "score": null}}, {"model": "world.score", "pk": 65, "fields": {"user": 1, "game": "blackjack", "date": "2018-03-20T04:02:32.603Z", "score": null}}, {"model": "world.score", "pk": 66, "fields": {"user": 1, "game": "blackjack", "date": "2018-03-20T04:02:38.860Z", "score": null}}, {"model": "world.score", "pk": 67, "fields": {"user": 1, "game": "blackjack", "date": "2018-03-20T04:02:49.809Z", "score": null}}, {"model": "world.score", "pk": 68, "fields": {"user": 1, "game": "blackjack", "date": "2018-03-20T04:02:54.034Z", "score": null}}, {"model": "world.score", "pk": 69, "fields": {"user": 1, "game": "blackjack", "date": "2018-03-20T04:02:59.078Z", "score": null}}, {"model": "world.score", "pk": 70, "fields": {"user": 1, "game": "blackjack", "date": "2018-03-20T04:03:06.062Z", "score": null}}, {"model": "world.score", "pk": 71, "fields": {"user": 1, "game": "blackjack", "date": "2018-03-20T04:03:15.299Z", "score": null}}, {"model": "world.score", "pk": 72, "fields": {"user": 1, "game": "tictactoe", "date": "2018-03-20T04:03:20.739Z", "score": null}}, {"model": "world.score", "pk": 73, "fields": {"user": 1, "game": "tictactoe", "date": "2018-03-20T04:03:31.648Z", "score": null}}, {"model": "world.score", "pk": 74, "fields": {"user": 1, "game": "tictactoe", "date": "2018-03-20T04:03:36.383Z", "score": null}}, {"model": "world.score", "pk": 75, "fields": {"user": 1, "game": "tictactoe", "date": "2018-03-20T04:03:39.569Z", "score": null}}, {"model": "world.score", "pk": 76, "fields": {"user": 1, "game": "tictactoe", "date": "2018-03-20T04:03:42.799Z", "score": null}}, {"model": "world.score", "pk": 77, "fields": {"user": 1, "game": "tictactoe", "date": "2018-03-20T04:03:51.560Z", "score": null}}, {"model": "world.score", "pk": 78, "fields": {"user": 1, "game": "tictactoe", "date": "2018-03-20T04:03:54.090Z", "score": null}}, {"model": "world.score", "pk": 79, "fields": {"user": 1, "game": "tictactoe", "date": "2018-03-20T04:04:10.809Z", "score": null}}, {"model": "world.score", "pk": 80, "fields": {"user": 1, "game": "tictactoe", "date": "2018-03-20T04:04:13.954Z", "score": null}}, {"model": "world.score", "pk": 81, "fields": {"user": 1, "game": "tictactoe", "date": "2018-03-20T04:04:17.132Z", "score": null}}, {"model": "world.score", "pk": 82, "fields": {"user": 1, "game": "tictactoe", "date": "2018-03-20T04:04:19.943Z", "score": null}}, {"model": "world.score", "pk": 83, "fields": {"user": 1, "game": "tictactoe", "date": "2018-03-20T04:04:22.843Z", "score": null}}, {"model": "world.score", "pk": 84, "fields": {"user": 1, "game": "tictactoe", "date": "2018-03-20T04:04:38.758Z", "score": null}}, {"model": "world.score", "pk": 85, "fields": {"user": 1, "game": "tictactoe", "date": "2018-03-20T04:04:41.854Z", "score": null}}, {"model": "world.score", "pk": 86, "fields": {"user": 1, "game": "tictactoe", "date": "2018-03-20T04:04:51.043Z", "score": null}}, {"model": "world.score", "pk": 87, "fields": {"user": 1, "game": "pyramids", "date": "2018-03-20T04:09:33.677Z", "score": null}}, {"model": "world.score", "pk": 88, "fields": {"user": 1, "game": "pyramids", "date": "2018-03-20T04:12:05.309Z", "score": null}}, {"model": "world.score", "pk": 89, "fields": {"user": 1, "game": "pyramids", "date": "2018-03-20T04:14:04.989Z", "score": null}}, {"model": "world.score", "pk": 90, "fields": {"user": 1, "game": "pyramids", "date": "2018-03-20T04:16:27.923Z", "score": null}}, {"model": "world.score", "pk": 91, "fields": {"user": 1, "game": "blackjack", "date": "2018-03-20T23:15:01.346Z", "score": null}}, {"model": "world.score", "pk": 92, "fields": {"user": 1, "game": "blackjack", "date": "2018-03-20T23:15:06.380Z", "score": null}}, {"model": "world.score", "pk": 93, "fields": {"user": 1, "game": "blackjack", "date": "2018-03-20T23:15:09.943Z", "score": null}}, {"model": "world.score", "pk": 94, "fields": {"user": 1, "game": "blackjack", "date": "2018-03-20T23:15:21.896Z", "score": null}}, {"model": "world.score", "pk": 95, "fields": {"user": 1, "game": "blackjack", "date": "2018-03-20T23:15:26.402Z", "score": null}}, {"model": "world.score", "pk": 96, "fields": {"user": 1, "game": "blackjack", "date": "2018-03-20T23:15:48.724Z", "score": null}}, {"model": "world.score", "pk": 97, "fields": {"user": 1, "game": "blackjack", "date": "2018-03-20T23:16:12.416Z", "score": null}}, {"model": "world.score", "pk": 98, "fields": {"user": 1, "game": "blackjack", "date": "2018-03-20T23:16:19.042Z", "score": null}}, {"model": "world.score", "pk": 99, "fields": {"user": 1, "game": "blackjack", "date": "2018-03-20T23:16:25.939Z", "score": null}}, {"model": "world.score", "pk": 100, "fields": {"user": 1, "game": "blackjack", "date": "2018-03-20T23:16:31.052Z", "score": null}}, {"model": "world.score", "pk": 101, "fields": {"user": 1, "game": "tictactoe", "date": "2018-03-20T23:16:37.127Z", "score": null}}, {"model": "world.score", "pk": 102, "fields": {"user": 1, "game": "tictactoe", "date": "2018-03-20T23:16:47.198Z", "score": null}}, {"model": "world.score", "pk": 103, "fields": {"user": 1, "game": "tictactoe", "date": "2018-03-20T23:16:51.038Z", "score": null}}, {"model": "world.score", "pk": 104, "fields": {"user": 1, "game": "tictactoe", "date": "2018-03-20T23:16:54.388Z", "score": null}}, {"model": "world.score", "pk": 105, "fields": {"user": 1, "game": "tictactoe", "date": "2018-03-20T23:16:57.754Z", "score": null}}, {"model": "world.score", "pk": 106, "fields": {"user": 1, "game": "tictactoe", "date": "2018-03-20T23:17:02.388Z", "score": null}}, {"model": "world.score", "pk": 107, "fields": {"user": 1, "game": "tictactoe", "date": "2018-03-20T23:17:05.994Z", "score": null}}, {"model": "world.score", "pk": 108, "fields": {"user": 1, "game": "tictactoe", "date": "2018-03-20T23:17:10.215Z", "score": null}}, {"model": "world.score", "pk": 109, "fields": {"user": 1, "game": "tictactoe", "date": "2018-03-20T23:17:14.138Z", "score": null}}, {"model": "world.score", "pk": 110, "fields": {"user": 1, "game": "tictactoe", "date": "2018-03-20T23:17:18.675Z", "score": null}}, {"model": "world.score", "pk": 111, "fields": {"user": 1, "game": "tictactoe", "date": "2018-03-20T23:17:21.607Z", "score": null}}, {"model": "world.score", "pk": 112, "fields": {"user": 1, "game": "tictactoe", "date": "2018-03-20T23:17:24.214Z", "score": null}}, {"model": "world.score", "pk": 113, "fields": {"user": 1, "game": "tictactoe", "date": "2018-03-20T23:17:26.960Z", "score": null}}, {"model": "world.score", "pk": 114, "fields": {"user": 1, "game": "tictactoe", "date": "2018-03-20T23:17:29.786Z", "score": null}}, {"model": "world.score", "pk": 115, "fields": {"user": 1, "game": "tictactoe", "date": "2018-03-20T23:17:32.585Z", "score": null}}, {"model": "world.score", "pk": 116, "fields": {"user": 1, "game": "pyramids", "date": "2018-03-20T23:21:25.327Z", "score": null}}, {"model": "world.score", "pk": 117, "fields": {"user": 1, "game": "pyramids", "date": "2018-03-20T23:25:34.966Z", "score": null}}, {"model": "world.score", "pk": 118, "fields": {"user": 1, "game": "pyramids", "date": "2018-03-20T23:28:05.110Z", "score": null}}, {"model": "world.score", "pk": 119, "fields": {"user": 1, "game": "pyramids", "date": "2018-03-20T23:36:20.670Z", "score": null}}, {"model": "world.score", "pk": 120, "fields": {"user": 1, "game": "blackjack", "date": "2018-03-21T20:28:49.093Z", "score": null}}, {"model": "world.score", "pk": 121, "fields": {"user": 1, "game": "blackjack", "date": "2018-03-21T20:28:57.064Z", "score": null}}, {"model": "world.score", "pk": 122, "fields": {"user": 1, "game": "blackjack", "date": "2018-03-21T20:29:25.993Z", "score": null}}, {"model": "world.score", "pk": 123, "fields": {"user": 1, "game": "blackjack", "date": "2018-03-21T20:29:30.776Z", "score": null}}, {"model": "world.score", "pk": 124, "fields": {"user": 1, "game": "blackjack", "date": "2018-03-21T20:29:42.232Z", "score": null}}, {"model": "world.score", "pk": 125, "fields": {"user": 1, "game": "blackjack", "date": "2018-03-21T20:29:46.568Z", "score": null}}, {"model": "world.score", "pk": 126, "fields": {"user": 1, "game": "blackjack", "date": "2018-03-22T01:35:06.670Z", "score": null}}, {"model": "world.score", "pk": 127, "fields": {"user": 1, "game": "blackjack", "date": "2018-03-22T01:35:20.938Z", "score": null}}, {"model": "world.score", "pk": 128, "fields": {"user": 1, "game": "blackjack", "date": "2018-03-22T01:35:30.397Z", "score": null}}, {"model": "world.score", "pk": 129, "fields": {"user": 1, "game": "blackjack", "date": "2018-03-22T01:35:35.320Z", "score": null}}, {"model": "world.score", "pk": 130, "fields": {"user": 1, "game": "tictactoe", "date": "2018-03-22T01:35:44.371Z", "score": null}}, {"model": "world.score", "pk": 131, "fields": {"user": 1, "game": "tictactoe", "date": "2018-03-22T01:35:47.901Z", "score": null}}, {"model": "world.score", "pk": 132, "fields": {"user": 1, "game": "tictactoe", "date": "2018-03-22T01:35:57.495Z", "score": null}}, {"model": "world.score", "pk": 133, "fields": {"user": 1, "game": "tictactoe", "date": "2018-03-22T01:36:05.547Z", "score": null}}, {"model": "world.score", "pk": 134, "fields": {"user": 1, "game": "tictactoe", "date": "2018-03-22T01:36:08.814Z", "score": null}}, {"model": "world.score", "pk": 135, "fields": {"user": 1, "game": "tictactoe", "date": "2018-03-22T01:36:12.041Z", "score": null}}, {"model": "world.score", "pk": 136, "fields": {"user": 1, "game": "tictactoe", "date": "2018-03-22T01:36:15.352Z", "score": null}}, {"model": "world.score", "pk": 137, "fields": {"user": 1, "game": "tictactoe", "date": "2018-03-22T01:36:18.398Z", "score": null}}, {"model": "world.score", "pk": 138, "fields": {"user": 1, "game": "tictactoe", "date": "2018-03-22T01:36:36.565Z", "score": null}}, {"model": "world.score", "pk": 240, "fields": {"user": 1, "game": "blackjack", "date": "2018-03-26T03:31:17.246Z", "score": null}}, {"model": "world.score", "pk": 241, "fields": {"user": 1, "game": "blackjack", "date": "2018-03-26T03:31:20.330Z", "score": null}}, {"model": "world.score", "pk": 242, "fields": {"user": 1, "game": "blackjack", "date": "2018-03-26T03:31:22.264Z", "score": null}}, {"model": "world.score", "pk": 243, "fields": {"user": 1, "game": "blackjack", "date": "2018-03-26T03:31:26.704Z", "score": null}}, {"model": "world.score", "pk": 244, "fields": {"user": 1, "game": "blackjack", "date": "2018-03-26T03:31:31.815Z", "score": null}}, {"model": "world.score", "pk": 245, "fields": {"user": 1, "game": "blackjack", "date": "2018-03-26T03:31:37.508Z", "score": null}}, {"model": "world.score", "pk": 246, "fields": {"user": 1, "game": "blackjack", "date": "2018-03-26T03:31:46.524Z", "score": null}}, {"model": "world.score", "pk": 247, "fields": {"user": 1, "game": "blackjack", "date": "2018-03-26T03:32:06.065Z", "score": null}}, {"model": "world.score", "pk": 248, "fields": {"user": 1, "game": "blackjack", "date": "2018-03-26T03:32:08.008Z", "score": null}}, {"model": "world.score", "pk": 249, "fields": {"user": 1, "game": "blackjack", "date": "2018-03-26T03:32:11.177Z", "score": null}}, {"model": "world.score", "pk": 250, "fields": {"user": 1, "game": "tictactoe", "date": "2018-03-26T03:32:34.159Z", "score": null}}, {"model": "world.score", "pk": 251, "fields": {"user": 1, "game": "tictactoe", "date": "2018-03-26T03:32:37.246Z", "score": null}}, {"model": "world.score", "pk": 252, "fields": {"user": 1, "game": "tictactoe", "date": "2018-03-26T03:32:40.640Z", "score": null}}, {"model": "world.score", "pk": 253, "fields": {"user": 1, "game": "tictactoe", "date": "2018-03-26T03:32:44.685Z", "score": null}}, {"model": "world.score", "pk": 254, "fields": {"user": 1, "game": "tictactoe", "date": "2018-03-26T03:32:51.760Z", "score": null}}, {"model": "world.score", "pk": 255, "fields": {"user": 1, "game": "tictactoe", "date": "2018-03-26T03:32:55.177Z", "score": null}}, {"model": "world.score", "pk": 256, "fields": {"user": 1, "game": "tictactoe", "date": "2018-03-26T03:32:57.702Z", "score": null}}, {"model": "world.score", "pk": 257, "fields": {"user": 1, "game": "tictactoe", "date": "2018-03-26T03:33:00.320Z", "score": null}}, {"model": "world.score", "pk": 258, "fields": {"user": 1, "game": "tictactoe", "date": "2018-03-26T03:33:04.284Z", "score": null}}, {"model": "world.score", "pk": 259, "fields": {"user": 1, "game": "tictactoe", "date": "2018-03-26T03:33:07.732Z", "score": null}}, {"model": "world.score", "pk": 260, "fields": {"user": 1, "game": "tictactoe", "date": "2018-03-26T03:33:12.450Z", "score": null}}, {"model": "world.score", "pk": 261, "fields": {"user": 1, "game": "tictactoe", "date": "2018-03-26T03:33:15.501Z", "score": null}}, {"model": "world.score", "pk": 264, "fields": {"user": 1, "game": "tictactoe", "date": "2018-03-26T03:37:54.164Z", "score": null}}, {"model": "world.score", "pk": 265, "fields": {"user": 1, "game": "blackjack", "date": "2018-03-26T16:06:38.954Z", "score": null}}, {"model": "world.score", "pk": 266, "fields": {"user": 1, "game": "blackjack", "date": "2018-03-26T16:06:50.419Z", "score": null}}, {"model": "world.score", "pk": 267, "fields": {"user": 1, "game": "blackjack", "date": "2018-03-26T16:06:58.625Z", "score": null}}, {"model": "world.score", "pk": 268, "fields": {"user": 1, "game": "blackjack", "date": "2018-03-26T16:07:04.700Z", "score": null}}, {"model": "world.score", "pk": 269, "fields": {"user": 1, "game": "blackjack", "date": "2018-03-26T16:07:14.766Z", "score": null}}, {"model": "world.score", "pk": 270, "fields": {"user": 1, "game": "blackjack", "date": "2018-03-26T16:07:18.770Z", "score": null}}, {"model": "world.score", "pk": 271, "fields": {"user": 1, "game": "blackjack", "date": "2018-03-26T16:07:22.709Z", "score": null}}, {"model": "world.score", "pk": 272, "fields": {"user": 1, "game": "blackjack", "date": "2018-03-26T16:07:24.446Z", "score": null}}, {"model": "world.score", "pk": 273, "fields": {"user": 1, "game": "blackjack", "date": "2018-03-26T16:07:26.253Z", "score": null}}, {"model": "world.score", "pk": 274, "fields": {"user": 1, "game": "blackjack", "date": "2018-03-26T16:07:36.096Z", "score": null}}, {"model": "world.score", "pk": 275, "fields": {"user": 1, "game": "tictactoe", "date": "2018-03-26T16:08:52.694Z", "score": null}}, {"model": "world.score", "pk": 276, "fields": {"user": 1, "game": "tictactoe", "date": "2018-03-26T16:08:55.920Z", "score": null}}, {"model": "world.score", "pk": 277, "fields": {"user": 1, "game": "tictactoe", "date": "2018-03-26T16:09:00.042Z", "score": null}}, {"model": "world.score", "pk": 278, "fields": {"user": 1, "game": "tictactoe", "date": "2018-03-26T16:09:03.295Z", "score": null}}, {"model": "world.score", "pk": 279, "fields": {"user": 1, "game": "tictactoe", "date": "2018-03-26T16:09:07.386Z", "score": null}}, {"model": "world.score", "pk": 280, "fields": {"user": 1, "game": "tictactoe", "date": "2018-03-26T16:09:10.458Z", "score": null}}, {"model": "world.score", "pk": 281, "fields": {"user": 1, "game": "tictactoe", "date": "2018-03-26T16:09:19.332Z", "score": null}}, {"model": "world.score", "pk": 282, "fields": {"user": 1, "game": "tictactoe", "date": "2018-03-26T16:09:23.899Z", "score": null}}, {"model": "world.score", "pk": 283, "fields": {"user": 1, "game": "tictactoe", "date": "2018-03-26T16:09:27.626Z", "score": null}}, {"model": "world.score", "pk": 284, "fields": {"user": 1, "game": "tictactoe", "date": "2018-03-26T16:09:30.341Z", "score": null}}, {"model": "world.score", "pk": 285, "fields": {"user": 1, "game": "tictactoe", "date": "2018-03-26T16:09:32.864Z", "score": null}}, {"model": "world.score", "pk": 286, "fields": {"user": 1, "game": "tictactoe", "date": "2018-03-26T16:09:35.746Z", "score": null}}, {"model": "world.score", "pk": 287, "fields": {"user": 1, "game": "tictactoe", "date": "2018-03-26T16:09:38.676Z", "score": null}}, {"model": "world.score", "pk": 288, "fields": {"user": 1, "game": "tictactoe", "date": "2018-03-26T16:09:41.096Z", "score": null}}, {"model": "world.score", "pk": 289, "fields": {"user": 1, "game": "tictactoe", "date": "2018-03-26T16:09:44.396Z", "score": null}}, {"model": "world.score", "pk": 290, "fields": {"user": 1, "game": "pyramids", "date": "2018-03-26T16:12:02.223Z", "score": 1400}}, {"model": "world.score", "pk": 291, "fields": {"user": 1, "game": "pyramids", "date": "2018-03-26T16:14:08.543Z", "score": 1400}}, {"model": "world.score", "pk": 292, "fields": {"user": 1, "game": "pyramids", "date": "2018-03-26T16:16:00.929Z", "score": 1400}}, {"model": "world.score", "pk": 293, "fields": {"user": 1, "game": "pyramids", "date": "2018-03-26T16:18:28.105Z", "score": 1400}}, {"model": "world.score", "pk": 294, "fields": {"user": 1, "game": "serendipity", "date": "2018-03-26T16:45:59.693Z", "score": 0}}, {"model": "world.score", "pk": 295, "fields": {"user": 1, "game": "blackjack", "date": "2018-03-28T00:36:21.916Z", "score": null}}, {"model": "world.score", "pk": 296, "fields": {"user": 1, "game": "blackjack", "date": "2018-03-28T00:36:24.336Z", "score": null}}, {"model": "world.score", "pk": 297, "fields": {"user": 1, "game": "blackjack", "date": "2018-03-28T00:36:28.147Z", "score": null}}, {"model": "world.score", "pk": 298, "fields": {"user": 1, "game": "blackjack", "date": "2018-03-28T00:36:30.507Z", "score": null}}, {"model": "world.score", "pk": 299, "fields": {"user": 1, "game": "blackjack", "date": "2018-03-28T00:36:39.536Z", "score": null}}, {"model": "world.score", "pk": 300, "fields": {"user": 1, "game": "blackjack", "date": "2018-03-28T00:36:42.207Z", "score": null}}, {"model": "world.score", "pk": 301, "fields": {"user": 1, "game": "blackjack", "date": "2018-03-28T00:36:45.013Z", "score": null}}, {"model": "world.score", "pk": 302, "fields": {"user": 1, "game": "blackjack", "date": "2018-03-28T00:36:47.241Z", "score": null}}, {"model": "world.score", "pk": 303, "fields": {"user": 1, "game": "blackjack", "date": "2018-03-28T00:36:49.424Z", "score": null}}, {"model": "world.score", "pk": 304, "fields": {"user": 1, "game": "blackjack", "date": "2018-03-28T00:36:51.558Z", "score": null}}, {"model": "world.score", "pk": 305, "fields": {"user": 1, "game": "tictactoe", "date": "2018-03-28T00:36:59.604Z", "score": null}}, {"model": "world.score", "pk": 306, "fields": {"user": 1, "game": "tictactoe", "date": "2018-03-28T00:37:02.567Z", "score": null}}, {"model": "world.score", "pk": 307, "fields": {"user": 1, "game": "tictactoe", "date": "2018-03-28T00:37:05.266Z", "score": null}}, {"model": "world.score", "pk": 308, "fields": {"user": 1, "game": "tictactoe", "date": "2018-03-28T00:37:08.734Z", "score": null}}, {"model": "world.score", "pk": 309, "fields": {"user": 1, "game": "tictactoe", "date": "2018-03-28T00:37:11.259Z", "score": null}}, {"model": "world.score", "pk": 310, "fields": {"user": 1, "game": "tictactoe", "date": "2018-03-28T00:37:13.843Z", "score": null}}, {"model": "world.score", "pk": 311, "fields": {"user": 1, "game": "tictactoe", "date": "2018-03-28T00:37:16.443Z", "score": null}}, {"model": "world.score", "pk": 312, "fields": {"user": 1, "game": "tictactoe", "date": "2018-03-28T00:37:30.999Z", "score": null}}, {"model": "world.score", "pk": 313, "fields": {"user": 1, "game": "tictactoe", "date": "2018-03-28T00:37:34.229Z", "score": null}}, {"model": "world.score", "pk": 314, "fields": {"user": 1, "game": "tictactoe", "date": "2018-03-28T00:37:47.329Z", "score": null}}, {"model": "world.score", "pk": 315, "fields": {"user": 1, "game": "tictactoe", "date": "2018-03-28T00:37:57.105Z", "score": null}}, {"model": "world.score", "pk": 316, "fields": {"user": 1, "game": "tictactoe", "date": "2018-03-28T00:38:03.179Z", "score": null}}, {"model": "world.score", "pk": 317, "fields": {"user": 1, "game": "tictactoe", "date": "2018-03-28T00:39:20.505Z", "score": null}}, {"model": "world.score", "pk": 318, "fields": {"user": 1, "game": "tictactoe", "date": "2018-03-28T00:39:27.041Z", "score": null}}, {"model": "world.score", "pk": 319, "fields": {"user": 1, "game": "tictactoe", "date": "2018-03-28T00:40:10.335Z", "score": null}}, {"model": "world.score", "pk": 320, "fields": {"user": 1, "game": "pyramids", "date": "2018-03-28T00:42:33.918Z", "score": 1400}}, {"model": "world.score", "pk": 321, "fields": {"user": 1, "game": "serendipity", "date": "2018-03-28T00:45:27.684Z", "score": 500}}, {"model": "world.score", "pk": 322, "fields": {"user": 1, "game": "pyramids", "date": "2018-03-28T00:48:35.290Z", "score": 1100}}, {"model": "world.score", "pk": 323, "fields": {"user": 1, "game": "blackjack", "date": "2018-03-28T23:11:26.709Z", "score": null}}, {"model": "world.score", "pk": 324, "fields": {"user": 1, "game": "blackjack", "date": "2018-03-28T23:11:32.351Z", "score": null}}, {"model": "world.score", "pk": 325, "fields": {"user": 1, "game": "blackjack", "date": "2018-03-28T23:11:34.769Z", "score": null}}, {"model": "world.score", "pk": 326, "fields": {"user": 1, "game": "blackjack", "date": "2018-03-28T23:11:41.331Z", "score": null}}, {"model": "world.score", "pk": 327, "fields": {"user": 1, "game": "blackjack", "date": "2018-03-28T23:11:46.500Z", "score": null}}, {"model": "world.score", "pk": 328, "fields": {"user": 1, "game": "blackjack", "date": "2018-03-28T23:12:03.120Z", "score": null}}, {"model": "world.score", "pk": 329, "fields": {"user": 1, "game": "blackjack", "date": "2018-03-28T23:12:12.939Z", "score": null}}, {"model": "world.score", "pk": 330, "fields": {"user": 1, "game": "blackjack", "date": "2018-03-28T23:12:26.967Z", "score": null}}, {"model": "world.score", "pk": 331, "fields": {"user": 1, "game": "blackjack", "date": "2018-03-28T23:12:30.418Z", "score": null}}, {"model": "world.score", "pk": 332, "fields": {"user": 1, "game": "blackjack", "date": "2018-03-28T23:12:38.958Z", "score": null}}, {"model": "world.score", "pk": 333, "fields": {"user": 1, "game": "tictactoe", "date": "2018-03-28T23:12:46.314Z", "score": null}}, {"model": "world.score", "pk": 334, "fields": {"user": 1, "game": "tictactoe", "date": "2018-03-28T23:12:49.291Z", "score": null}}, {"model": "world.score", "pk": 335, "fields": {"user": 1, "game": "tictactoe", "date": "2018-03-28T23:12:52.386Z", "score": null}}, {"model": "world.score", "pk": 336, "fields": {"user": 1, "game": "tictactoe", "date": "2018-03-28T23:12:55.456Z", "score": null}}, {"model": "world.score", "pk": 337, "fields": {"user": 1, "game": "tictactoe", "date": "2018-03-28T23:12:59.309Z", "score": null}}, {"model": "world.score", "pk": 338, "fields": {"user": 1, "game": "tictactoe", "date": "2018-03-28T23:13:04.498Z", "score": null}}, {"model": "world.score", "pk": 339, "fields": {"user": 1, "game": "tictactoe", "date": "2018-03-28T23:13:07.741Z", "score": null}}, {"model": "world.score", "pk": 340, "fields": {"user": 1, "game": "tictactoe", "date": "2018-03-28T23:13:11.798Z", "score": null}}, {"model": "world.score", "pk": 341, "fields": {"user": 1, "game": "tictactoe", "date": "2018-03-28T23:13:15.475Z", "score": null}}, {"model": "world.score", "pk": 342, "fields": {"user": 1, "game": "tictactoe", "date": "2018-03-28T23:13:21.268Z", "score": null}}, {"model": "world.score", "pk": 343, "fields": {"user": 1, "game": "tictactoe", "date": "2018-03-28T23:13:24.259Z", "score": null}}, {"model": "world.score", "pk": 344, "fields": {"user": 1, "game": "tictactoe", "date": "2018-03-28T23:13:27.741Z", "score": null}}, {"model": "world.score", "pk": 345, "fields": {"user": 1, "game": "tictactoe", "date": "2018-03-28T23:13:30.778Z", "score": null}}, {"model": "world.score", "pk": 346, "fields": {"user": 1, "game": "tictactoe", "date": "2018-03-28T23:13:36.000Z", "score": null}}, {"model": "world.score", "pk": 347, "fields": {"user": 1, "game": "tictactoe", "date": "2018-03-28T23:13:40.795Z", "score": null}}, {"model": "world.score", "pk": 348, "fields": {"user": 1, "game": "pyramids", "date": "2018-03-28T23:15:46.419Z", "score": 1400}}, {"model": "world.score", "pk": 349, "fields": {"user": 1, "game": "pyramids", "date": "2018-03-28T23:17:40.447Z", "score": 1400}}, {"model": "world.score", "pk": 350, "fields": {"user": 1, "game": "serendipity", "date": "2018-04-06T18:16:30.200Z", "score": 0}}, {"model": "world.score", "pk": 351, "fields": {"user": 1, "game": "serendipity", "date": "2018-04-07T22:36:15.738Z", "score": 1000}}, {"model": "world.score", "pk": 352, "fields": {"user": 3, "game": "serendipity", "date": "2018-04-08T19:39:04.120Z", "score": 1000}}, {"model": "world.score", "pk": 353, "fields": {"user": 3, "game": "blackjack", "date": "2018-04-08T20:26:23.359Z", "score": null}}, {"model": "world.score", "pk": 354, "fields": {"user": 3, "game": "blackjack", "date": "2018-04-08T20:26:25.203Z", "score": null}}, {"model": "world.score", "pk": 355, "fields": {"user": 3, "game": "blackjack", "date": "2018-04-08T20:26:33.466Z", "score": null}}, {"model": "world.score", "pk": 356, "fields": {"user": 3, "game": "blackjack", "date": "2018-04-08T20:26:35.345Z", "score": null}}, {"model": "world.score", "pk": 357, "fields": {"user": 3, "game": "blackjack", "date": "2018-04-08T20:26:49.114Z", "score": null}}, {"model": "world.score", "pk": 358, "fields": {"user": 3, "game": "blackjack", "date": "2018-04-08T20:26:51.143Z", "score": null}}, {"model": "world.score", "pk": 359, "fields": {"user": 3, "game": "blackjack", "date": "2018-04-08T20:26:53.131Z", "score": null}}, {"model": "world.score", "pk": 360, "fields": {"user": 3, "game": "blackjack", "date": "2018-04-08T20:26:55.393Z", "score": null}}, {"model": "world.score", "pk": 361, "fields": {"user": 3, "game": "blackjack", "date": "2018-04-08T20:26:57.456Z", "score": null}}, {"model": "world.score", "pk": 362, "fields": {"user": 3, "game": "blackjack", "date": "2018-04-08T20:27:01.936Z", "score": null}}, {"model": "world.score", "pk": 363, "fields": {"user": 1, "game": "serendipity", "date": "2018-04-08T23:10:27.587Z", "score": 500}}, {"model": "world.score", "pk": 364, "fields": {"user": 1, "game": "serendipity", "date": "2018-04-09T19:42:42.801Z", "score": 0}}, {"model": "world.score", "pk": 365, "fields": {"user": 1, "game": "serendipity", "date": "2018-04-10T18:33:10.771Z", "score": 500}}, {"model": "shop.usershop", "pk": 1, "fields": {"user": 1, "name": "Audrey's Cool Shop", "space": 15, "upgrade_cost": 1500, "items": "herbal-tea.300,orange-juice.200,hard-candy.100,bottled-water.150,spoonful.150,chicken-noodle-soup.200,herbal-tea.300,herbal-tea.500,herbal-tea.400,herbal-tea.300,herbal-tea.200,gingham-lizard-plush.1000,tiger-mouse-plush.1000,", "shop_till": 0}}, {"model": "shop.usershop", "pk": 2, "fields": {"user": 3, "name": "Lowest Price Shop!", "space": 5, "upgrade_cost": 500, "items": "asparagus.100,blueberry.150,fifty-shades.100,celery.100,herbal-tea.100,", "shop_till": 0}}, {"model": "shop.gallery", "pk": 2, "fields": {"user": 1, "name": "Audrey's Small Salary Gallery", "space": 45, "upgrade_cost": 4500, "plush": [36, 37, 38, 39, 40, 41, 42, 44, 45, 46, 47, 48, 49, 50, 51, 52, 54, 55, 56, 57, 58, 59, 60, 61, 62, 64, 65, 66, 67, 68, 69, 70, 71, 73, 74, 75, 76, 77, 78, 79, 80, 81, 82, 84, 85]}}, {"model": "shop.interest", "pk": 37, "fields": {"user": 1, "amount": 8}}, {"model": "shop.bankaccount", "pk": 2, "fields": {"user": 1, "level": 2, "balance": 30602}}, {"model": "shop.inventory", "pk": 154, "fields": {"user": 3, "item": 18, "gallery": false}}, {"model": "shop.inventory", "pk": 155, "fields": {"user": 3, "item": 18, "gallery": false}}, {"model": "shop.inventory", "pk": 158, "fields": {"user": 3, "item": 127, "gallery": false}}, {"model": "shop.inventory", "pk": 160, "fields": {"user": 3, "item": 18, "gallery": false}}, {"model": "shop.inventory", "pk": 161, "fields": {"user": 3, "item": 18, "gallery": false}}, {"model": "shop.inventory", "pk": 162, "fields": {"user": 3, "item": 18, "gallery": false}}, {"model": "shop.inventory", "pk": 163, "fields": {"user": 3, "item": 18, "gallery": false}}, {"model": "shop.inventory", "pk": 164, "fields": {"user": 3, "item": 18, "gallery": false}}, {"model": "shop.inventory", "pk": 165, "fields": {"user": 3, "item": 18, "gallery": false}}, {"model": "shop.inventory", "pk": 166, "fields": {"user": 3, "item": 18, "gallery": false}}, {"model": "shop.inventory", "pk": 167, "fields": {"user": 3, "item": 18, "gallery": false}}, {"model": "shop.inventory", "pk": 168, "fields": {"user": 3, "item": 18, "gallery": false}}, {"model": "shop.inventory", "pk": 169, "fields": {"user": 3, "item": 18, "gallery": false}}, {"model": "shop.inventory", "pk": 170, "fields": {"user": 3, "item": 94, "gallery": false}}, {"model": "core.pet", "pk": 5, "fields": {"user": 1, "name": "JDA", "color": "red", "animal": 4, "all_colors": "red mouse,", "hunger": 1, "wellness": 1, "happiness": 1, "adopt_date": "2017-09-21T14:44:16Z"}}, {"model": "core.pet", "pk": 6, "fields": {"user": 3, "name": "Lizzie", "color": "yellow", "animal": 2, "all_colors": "yellow lizard,", "hunger": 1, "wellness": 1, "happiness": 1, "adopt_date": "2018-04-08T19:36:04.467Z"}}, {"model": "core.profile", "pk": 1, "fields": {"user": 1, "points": 0, "bio": "This is my bio! Customizable yay!"}}, {"model": "core.profile", "pk": 2, "fields": {"user": 3, "points": 335, "bio": ""}}]