[
  {
    "model": "shop.category",
    "pk": 1,
    "fields": {
      "name": "fruit"
    }
  },
  {
    "model": "shop.category",
    "pk": 2,
    "fields": {
      "name": "vegetable"
    }
  },
  {
    "model": "shop.category",
    "pk": 3,
    "fields": {
      "name": "book"
    }
  },
  {
    "model": "shop.category",
    "pk": 4,
    "fields": {
      "name": "organic food"
    }
  },
  {
    "model": "shop.category",
    "pk": 5,
    "fields": {
      "name": "medicine"
    }
  },
  {
    "model": "shop.category",
    "pk": 6,
    "fields": {
      "name": "herbal"
    }
  },
  {
    "model": "shop.category",
    "pk": 7,
    "fields": {
      "name": "potion"
    }
  },
  {
    "model": "shop.category",
    "pk": 8,
    "fields": {
      "name": "color potion"
    }
  },
  {
    "model": "shop.category",
    "pk": 9,
    "fields": {
      "name": "morph potion"
    }
  },
  {
    "model": "shop.category",
    "pk": 10,
    "fields": {
      "name": "plush"
    }
  },
  {
    "model": "shop.category",
    "pk": 11,
    "fields": {
      "name": "stat potion"
    }
  },
  {
    "model": "shop.category",
    "pk": 12,
    "fields": {
      "name": "junk food"
    }
  },
  {
    "model": "shop.item",
    "pk": 1,
    "fields": {
      "name": "Catch-44 by Joe Hecker",
      "url": "catch-44-by-joe-hecker",
      "description": "TBA",
      "category": 3,
      "second_category": null,
      "price_class": 5,
      "rarity": 1,
      "hunger": 0,
      "wellness": 0,
      "happiness": 1,
      "collectible": false
    }
  },
  {
    "model": "shop.item",
    "pk": 2,
    "fields": {
      "name": "Dusk by Tiffany Mayor",
      "url": "dusk by tiffany mayor",
      "description": "TBA",
      "category": 3,
      "second_category": null,
      "price_class": 3,
      "rarity": 1,
      "hunger": 0,
      "wellness": 0,
      "happiness": 1,
      "collectible": false
    }
  },
  {
    "model": "shop.item",
    "pk": 3,
    "fields": {
      "name": "Fifty Shades of Beige by Eel Jame",
      "url": "fifty-shades-of-beige-by-eel-jame",
      "description": "TBA",
      "category": 3,
      "second_category": null,
      "price_class": 1,
      "rarity": 1,
      "hunger": 0,
      "wellness": -1,
      "happiness": 1,
      "collectible": false
    }
  },
  {
    "model": "shop.item",
    "pk": 4,
    "fields": {
      "name": "The Girl on the Subway by Paul Falcons",
      "url": "the-girl-on-the-subway-by-paul-falcons",
      "description": "TBA",
      "category": 3,
      "second_category": null,
      "price_class": 6,
      "rarity": 1,
      "hunger": 0,
      "wellness": 0,
      "happiness": 1,
      "collectible": false
    }
  },
  {
    "model": "shop.item",
    "pk": 5,
    "fields": {
      "name": "To Injure a Mimicbird by Luter Lee",
      "url": "to-injure-a-mimicbird-by-luter-lee",
      "description": "TBA",
      "category": 3,
      "second_category": null,
      "price_class": 4,
      "rarity": 1,
      "hunger": 0,
      "wellness": 0,
      "happiness": 2,
      "collectible": false
    }
  },
  {
    "model": "shop.item",
    "pk": 6,
    "fields": {
      "name": "Apple",
      "url": "apple",
      "description": "TBA",
      "category": 1,
      "second_category": 4,
      "price_class": 1,
      "rarity": 1,
      "hunger": 1,
      "wellness": 0,
      "happiness": 0,
      "collectible": false
    }
  },
  {
    "model": "shop.item",
    "pk": 7,
    "fields": {
      "name": "Grapes",
      "url": "grapes",
      "description": "TBA",
      "category": 1,
      "second_category": 4,
      "price_class": 2,
      "rarity": 2,
      "hunger": 1,
      "wellness": 0,
      "happiness": 0,
      "collectible": false
    }
  },
  {
    "model": "shop.item",
    "pk": 8,
    "fields": {
      "name": "Lemon",
      "url": "lemon",
      "description": "TBA",
      "category": 1,
      "second_category": 4,
      "price_class": 3,
      "rarity": 2,
      "hunger": 1,
      "wellness": 0,
      "happiness": -1,
      "collectible": false
    }
  },
  {
    "model": "shop.item",
    "pk": 9,
    "fields": {
      "name": "Orange",
      "url": "orange",
      "description": "TBA",
      "category": 1,
      "second_category": 4,
      "price_class": 1,
      "rarity": 1,
      "hunger": 1,
      "wellness": 0,
      "happiness": 0,
      "collectible": false
    }
  },
  {
    "model": "shop.item",
    "pk": 10,
    "fields": {
      "name": "Strawberry",
      "url": "strawberry",
      "description": "TBA",
      "category": 1,
      "second_category": 4,
      "price_class": 2,
      "rarity": 1,
      "hunger": 1,
      "wellness": 0,
      "happiness": 0,
      "collectible": false
    }
  },
  {
    "model": "shop.item",
    "pk": 11,
    "fields": {
      "name": "Broccoli",
      "url": "broccoli",
      "description": "TBA",
      "category": 2,
      "second_category": 4,
      "price_class": 1,
      "rarity": 1,
      "hunger": 2,
      "wellness": 0,
      "happiness": -1,
      "collectible": false
    }
  },
  {
    "model": "shop.item",
    "pk": 12,
    "fields": {
      "name": "Carrot",
      "url": "carrot",
      "description": "TBA",
      "category": 2,
      "second_category": 4,
      "price_class": 2,
      "rarity": 1,
      "hunger": 1,
      "wellness": 0,
      "happiness": 0,
      "collectible": false
    }
  },
  {
    "model": "shop.item",
    "pk": 13,
    "fields": {
      "name": "Pepper",
      "url": "pepper",
      "description": "TBA",
      "category": 2,
      "second_category": 4,
      "price_class": 3,
      "rarity": 2,
      "hunger": 1,
      "wellness": 0,
      "happiness": -1,
      "collectible": false
    }
  },
  {
    "model": "shop.item",
    "pk": 14,
    "fields": {
      "name": "Turnip",
      "url": "turnip",
      "description": "TBA",
      "category": 2,
      "second_category": 4,
      "price_class": 3,
      "rarity": 1,
      "hunger": 1,
      "wellness": 0,
      "happiness": -1,
      "collectible": false
    }
  },
  {
    "model": "shop.item",
    "pk": 15,
    "fields": {
      "name": "Cabbage",
      "url": "cabbage",
      "description": "TBA",
      "category": 2,
      "second_category": 4,
      "price_class": 1,
      "rarity": 1,
      "hunger": 1,
      "wellness": 0,
      "happiness": 0,
      "collectible": false
    }
  },
  {
    "model": "shop.item",
    "pk": 16,
    "fields": {
      "name": "Warm Compress",
      "url": "compress",
      "description": "TBA",
      "category": 6,
      "second_category": 5,
      "price_class": 2,
      "rarity": 1,
      "hunger": 0,
      "wellness": 10,
      "happiness": 0,
      "collectible": false
    }
  },
  {
    "model": "shop.item",
    "pk": 17,
    "fields": {
      "name": "Fish Oil Pills",
      "url": "fish-oil",
      "description": "TBA",
      "category": 6,
      "second_category": 5,
      "price_class": 2,
      "rarity": 2,
      "hunger": 0,
      "wellness": 10,
      "happiness": 0,
      "collectible": false
    }
  },
  {
    "model": "shop.item",
    "pk": 18,
    "fields": {
      "name": "Herbal Tea",
      "url": "herbal-tea",
      "description": "TBA",
      "category": 6,
      "second_category": 5,
      "price_class": 1,
      "rarity": 2,
      "hunger": 0,
      "wellness": 10,
      "happiness": 0,
      "collectible": false
    }
  },
  {
    "model": "shop.item",
    "pk": 19,
    "fields": {
      "name": "Oatmeal Bath",
      "url": "oatmeal",
      "description": "TBA",
      "category": 6,
      "second_category": 5,
      "price_class": 2,
      "rarity": 1,
      "hunger": 0,
      "wellness": 10,
      "happiness": 0,
      "collectible": false
    }
  },
  {
    "model": "shop.item",
    "pk": 20,
    "fields": {
      "name": "Spoonful of Sugar",
      "url": "spoonful",
      "description": "TBA",
      "category": 6,
      "second_category": 5,
      "price_class": 1,
      "rarity": 1,
      "hunger": 0,
      "wellness": 0,
      "happiness": 0,
      "collectible": false
    }
  },
  {
    "model": "shop.item",
    "pk": 21,
    "fields": {
      "name": "Red Potion",
      "url": "red",
      "description": "TBA",
      "category": 7,
      "second_category": 8,
      "price_class": 8,
      "rarity": 1,
      "hunger": 0,
      "wellness": 0,
      "happiness": 0,
      "collectible": false
    }
  },
  {
    "model": "shop.item",
    "pk": 22,
    "fields": {
      "name": "Green Potion",
      "url": "green",
      "description": "tba",
      "category": 7,
      "second_category": 8,
      "price_class": 8,
      "rarity": 1,
      "hunger": 0,
      "wellness": 0,
      "happiness": 0,
      "collectible": false
    }
  },
  {
    "model": "shop.item",
    "pk": 23,
    "fields": {
      "name": "Yellow Potion",
      "url": "yellow",
      "description": "TBA",
      "category": 7,
      "second_category": 8,
      "price_class": 8,
      "rarity": 1,
      "hunger": 0,
      "wellness": 0,
      "happiness": 0,
      "collectible": false
    }
  },
  {
    "model": "shop.item",
    "pk": 24,
    "fields": {
      "name": "Blue Potion",
      "url": "blue",
      "description": "TBA",
      "category": 7,
      "second_category": 8,
      "price_class": 8,
      "rarity": 1,
      "hunger": 0,
      "wellness": 0,
      "happiness": 0,
      "collectible": false
    }
  },
  {
    "model": "shop.item",
    "pk": 25,
    "fields": {
      "name": "Black Potion",
      "url": "black",
      "description": "TBA",
      "category": 7,
      "second_category": 8,
      "price_class": 8,
      "rarity": 1,
      "hunger": 0,
      "wellness": 0,
      "happiness": 0,
      "collectible": false
    }
  },
  {
    "model": "shop.item",
    "pk": 26,
    "fields": {
      "name": "Mouse Potion",
      "url": "mouse",
      "description": "TBA",
      "category": 7,
      "second_category": 9,
      "price_class": 9,
      "rarity": 1,
      "hunger": 0,
      "wellness": 0,
      "happiness": 0,
      "collectible": false
    }
  },
  {
    "model": "shop.item",
    "pk": 27,
    "fields": {
      "name": "Tapir Potion",
      "url": "tapir",
      "description": "TBA",
      "category": 7,
      "second_category": 9,
      "price_class": 9,
      "rarity": 1,
      "hunger": 0,
      "wellness": 0,
      "happiness": 0,
      "collectible": false
    }
  },
  {
    "model": "shop.item",
    "pk": 28,
    "fields": {
      "name": "Lizard Potion",
      "url": "lizard",
      "description": "TBA",
      "category": 7,
      "second_category": 9,
      "price_class": 9,
      "rarity": 1,
      "hunger": 0,
      "wellness": 0,
      "happiness": 0,
      "collectible": false
    }
  },
  {
    "model": "shop.item",
    "pk": 29,
    "fields": {
      "name": "Monkey Potion",
      "url": "monkey",
      "description": "TBA",
      "category": 7,
      "second_category": 9,
      "price_class": 9,
      "rarity": 1,
      "hunger": 0,
      "wellness": 0,
      "happiness": 0,
      "collectible": false
    }
  },
  {
    "model": "shop.item",
    "pk": 30,
    "fields": {
      "name": "Dino Potion",
      "url": "dino",
      "description": "TBA",
      "category": 7,
      "second_category": 9,
      "price_class": 9,
      "rarity": 1,
      "hunger": 0,
      "wellness": 0,
      "happiness": 0,
      "collectible": false
    }
  },
  {
    "model": "shop.item",
    "pk": 31,
    "fields": {
      "name": "Cloud Potion",
      "url": "cloud",
      "description": "TBA",
      "category": 7,
      "second_category": 8,
      "price_class": 10,
      "rarity": 1,
      "hunger": 0,
      "wellness": 0,
      "happiness": 0,
      "collectible": false
    }
  },
  {
    "model": "shop.item",
    "pk": 32,
    "fields": {
      "name": "Tiger Potion",
      "url": "tiger",
      "description": "TBA",
      "category": 7,
      "second_category": 8,
      "price_class": 10,
      "rarity": 1,
      "hunger": 0,
      "wellness": 0,
      "happiness": 0,
      "collectible": false
    }
  },
  {
    "model": "shop.item",
    "pk": 33,
    "fields": {
      "name": "Sea Potion",
      "url": "sea",
      "description": "TBA",
      "category": 7,
      "second_category": 8,
      "price_class": 10,
      "rarity": 1,
      "hunger": 0,
      "wellness": 0,
      "happiness": 0,
      "collectible": false
    }
  },
  {
    "model": "shop.item",
    "pk": 34,
    "fields": {
      "name": "Glitter Potion",
      "url": "glitter",
      "description": "TBA",
      "category": 7,
      "second_category": 8,
      "price_class": 10,
      "rarity": 1,
      "hunger": 0,
      "wellness": 0,
      "happiness": 0,
      "collectible": false
    }
  },
  {
    "model": "shop.item",
    "pk": 35,
    "fields": {
      "name": "Gingham Potion",
      "url": "gingham",
      "description": "TBA",
      "category": 7,
      "second_category": 8,
      "price_class": 10,
      "rarity": 1,
      "hunger": 0,
      "wellness": 0,
      "happiness": 0,
      "collectible": false
    }
  },
  {
    "model": "shop.item",
    "pk": 36,
    "fields": {
      "name": "Black Mouse Plush",
      "url": "black-mouse-plush",
      "description": "TBA",
      "category": 10,
      "second_category": null,
      "price_class": 2,
      "rarity": 1,
      "hunger": 0,
      "wellness": 0,
      "happiness": 1,
      "collectible": true
    }
  },
  {
    "model": "shop.item",
    "pk": 37,
    "fields": {
      "name": "Blue Mouse Plush",
      "url": "blue-mouse-plush",
      "description": "TBA",
      "category": 10,
      "second_category": null,
      "price_class": 2,
      "rarity": 1,
      "hunger": 0,
      "wellness": 0,
      "happiness": 1,
      "collectible": true
    }
  },
  {
    "model": "shop.item",
    "pk": 38,
    "fields": {
      "name": "Cloud Mouse Plush",
      "url": "cloud-mouse-plush",
      "description": "TBA",
      "category": 10,
      "second_category": null,
      "price_class": 3,
      "rarity": 2,
      "hunger": 0,
      "wellness": 0,
      "happiness": 1,
      "collectible": true
    }
  },
  {
    "model": "shop.item",
    "pk": 39,
    "fields": {
      "name": "Gingham Mouse Plush",
      "url": "gingham-mouse-plush",
      "description": "TBA",
      "category": 10,
      "second_category": null,
      "price_class": 3,
      "rarity": 2,
      "hunger": 0,
      "wellness": 0,
      "happiness": 1,
      "collectible": true
    }
  },
  {
    "model": "shop.item",
    "pk": 40,
    "fields": {
      "name": "Glitter Mouse Plush",
      "url": "glitter-mouse-plush",
      "description": "TBA",
      "category": 10,
      "second_category": null,
      "price_class": 3,
      "rarity": 2,
      "hunger": 0,
      "wellness": 0,
      "happiness": 1,
      "collectible": true
    }
  },
  {
    "model": "shop.item",
    "pk": 41,
    "fields": {
      "name": "Green Mouse Plush",
      "url": "green-mouse-plush",
      "description": "TBA",
      "category": 10,
      "second_category": null,
      "price_class": 2,
      "rarity": 1,
      "hunger": 0,
      "wellness": 0,
      "happiness": 1,
      "collectible": true
    }
  },
  {
    "model": "shop.item",
    "pk": 42,
    "fields": {
      "name": "Red Mouse Plush",
      "url": "red-mouse-plush",
      "description": "TBA",
      "category": 10,
      "second_category": null,
      "price_class": 2,
      "rarity": 1,
      "hunger": 0,
      "wellness": 0,
      "happiness": 1,
      "collectible": true
    }
  },
  {
    "model": "shop.item",
    "pk": 43,
    "fields": {
      "name": "Sea Mouse Plush",
      "url": "sea-mouse-plush",
      "description": "TBA",
      "category": 10,
      "second_category": null,
      "price_class": 3,
      "rarity": 2,
      "hunger": 0,
      "wellness": 0,
      "happiness": 1,
      "collectible": true
    }
  },
  {
    "model": "shop.item",
    "pk": 44,
    "fields": {
      "name": "Tiger Mouse Plush",
      "url": "tiger-mouse-plush",
      "description": "TBA",
      "category": 10,
      "second_category": null,
      "price_class": 3,
      "rarity": 2,
      "hunger": 0,
      "wellness": 0,
      "happiness": 1,
      "collectible": true
    }
  },
  {
    "model": "shop.item",
    "pk": 45,
    "fields": {
      "name": "Yellow Mouse Plush",
      "url": "yellow-mouse-plush",
      "description": "TBA",
      "category": 10,
      "second_category": null,
      "price_class": 2,
      "rarity": 1,
      "hunger": 0,
      "wellness": 0,
      "happiness": 1,
      "collectible": true
    }
  },
  {
    "model": "shop.item",
    "pk": 46,
    "fields": {
      "name": "Black Dino Plush",
      "url": "black-dino-plush",
      "description": "TBA",
      "category": 10,
      "second_category": null,
      "price_class": 2,
      "rarity": 1,
      "hunger": 0,
      "wellness": 0,
      "happiness": 1,
      "collectible": true
    }
  },
  {
    "model": "shop.item",
    "pk": 47,
    "fields": {
      "name": "Blue Dino Plush",
      "url": "blue-dino-plush",
      "description": "TBA",
      "category": 10,
      "second_category": null,
      "price_class": 2,
      "rarity": 1,
      "hunger": 0,
      "wellness": 0,
      "happiness": 1,
      "collectible": true
    }
  },
  {
    "model": "shop.item",
    "pk": 48,
    "fields": {
      "name": "Cloud Dino Plush",
      "url": "cloud-dino-plush",
      "description": "TBA",
      "category": 10,
      "second_category": null,
      "price_class": 3,
      "rarity": 2,
      "hunger": 0,
      "wellness": 0,
      "happiness": 1,
      "collectible": true
    }
  },
  {
    "model": "shop.item",
    "pk": 49,
    "fields": {
      "name": "Gingham Dino Plush",
      "url": "gingham-dino-plush",
      "description": "TBA",
      "category": 10,
      "second_category": null,
      "price_class": 3,
      "rarity": 2,
      "hunger": 0,
      "wellness": 0,
      "happiness": 1,
      "collectible": true
    }
  },
  {
    "model": "shop.item",
    "pk": 50,
    "fields": {
      "name": "Glitter Dino Plush",
      "url": "glitter-dino-plush",
      "description": "TBA",
      "category": 10,
      "second_category": null,
      "price_class": 3,
      "rarity": 2,
      "hunger": 0,
      "wellness": 0,
      "happiness": 1,
      "collectible": true
    }
  },
  {
    "model": "shop.item",
    "pk": 51,
    "fields": {
      "name": "Green Dino Plush",
      "url": "green-dino-plush",
      "description": "TBA",
      "category": 10,
      "second_category": null,
      "price_class": 2,
      "rarity": 1,
      "hunger": 0,
      "wellness": 0,
      "happiness": 1,
      "collectible": true
    }
  },
  {
    "model": "shop.item",
    "pk": 52,
    "fields": {
      "name": "Red Dino Plush",
      "url": "red-dino-plush",
      "description": "TBA",
      "category": 10,
      "second_category": null,
      "price_class": 2,
      "rarity": 1,
      "hunger": 0,
      "wellness": 0,
      "happiness": 1,
      "collectible": true
    }
  },
  {
    "model": "shop.item",
    "pk": 53,
    "fields": {
      "name": "Sea Dino Plush",
      "url": "sea-dino-plush",
      "description": "TBA",
      "category": 10,
      "second_category": null,
      "price_class": 3,
      "rarity": 2,
      "hunger": 0,
      "wellness": 0,
      "happiness": 1,
      "collectible": true
    }
  },
  {
    "model": "shop.item",
    "pk": 54,
    "fields": {
      "name": "Tiger Dino Plush",
      "url": "tiger-dino-plush",
      "description": "TBA",
      "category": 10,
      "second_category": null,
      "price_class": 3,
      "rarity": 2,
      "hunger": 0,
      "wellness": 0,
      "happiness": 1,
      "collectible": true
    }
  },
  {
    "model": "shop.item",
    "pk": 55,
    "fields": {
      "name": "Yellow Dino Plush",
      "url": "yellow-dino-plush",
      "description": "TBA",
      "category": 10,
      "second_category": null,
      "price_class": 2,
      "rarity": 1,
      "hunger": 0,
      "wellness": 0,
      "happiness": 1,
      "collectible": true
    }
  },
  {
    "model": "shop.item",
    "pk": 56,
    "fields": {
      "name": "Black Tapir Plush",
      "url": "black-tapir-plush",
      "description": "TBA",
      "category": 10,
      "second_category": null,
      "price_class": 2,
      "rarity": 1,
      "hunger": 0,
      "wellness": 0,
      "happiness": 1,
      "collectible": true
    }
  },
  {
    "model": "shop.item",
    "pk": 57,
    "fields": {
      "name": "Blue Tapir Plush",
      "url": "blue-tapir-plush",
      "description": "TBA",
      "category": 10,
      "second_category": null,
      "price_class": 2,
      "rarity": 1,
      "hunger": 0,
      "wellness": 0,
      "happiness": 1,
      "collectible": true
    }
  },
  {
    "model": "shop.item",
    "pk": 58,
    "fields": {
      "name": "Cloud Tapir Plush",
      "url": "cloud-tapir-plush",
      "description": "TBA",
      "category": 10,
      "second_category": null,
      "price_class": 3,
      "rarity": 2,
      "hunger": 0,
      "wellness": 0,
      "happiness": 1,
      "collectible": false
    }
  },
  {
    "model": "shop.item",
    "pk": 59,
    "fields": {
      "name": "Gingham Tapir Plush",
      "url": "gingham-tapir-plush",
      "description": "TBA",
      "category": 10,
      "second_category": null,
      "price_class": 3,
      "rarity": 2,
      "hunger": 0,
      "wellness": 0,
      "happiness": 1,
      "collectible": true
    }
  },
  {
    "model": "shop.item",
    "pk": 60,
    "fields": {
      "name": "Glitter Tapir Plush",
      "url": "glitter-tapir-plush",
      "description": "TBA",
      "category": 10,
      "second_category": null,
      "price_class": 3,
      "rarity": 2,
      "hunger": 0,
      "wellness": 0,
      "happiness": 1,
      "collectible": true
    }
  },
  {
    "model": "shop.item",
    "pk": 61,
    "fields": {
      "name": "Green Tapir Plush",
      "url": "green-tapir-plush",
      "description": "TBA",
      "category": 10,
      "second_category": null,
      "price_class": 2,
      "rarity": 1,
      "hunger": 0,
      "wellness": 0,
      "happiness": 1,
      "collectible": true
    }
  },
  {
    "model": "shop.item",
    "pk": 62,
    "fields": {
      "name": "Red Tapir Plush",
      "url": "red-tapir-plush",
      "description": "TBA",
      "category": 10,
      "second_category": null,
      "price_class": 2,
      "rarity": 1,
      "hunger": 0,
      "wellness": 0,
      "happiness": 1,
      "collectible": true
    }
  },
  {
    "model": "shop.item",
    "pk": 63,
    "fields": {
      "name": "Sea Tapir Plush",
      "url": "sea-tapir-plush",
      "description": "TBA",
      "category": 10,
      "second_category": null,
      "price_class": 3,
      "rarity": 2,
      "hunger": 0,
      "wellness": 0,
      "happiness": 1,
      "collectible": true
    }
  },
  {
    "model": "shop.item",
    "pk": 64,
    "fields": {
      "name": "Tiger Tapir Plush",
      "url": "tiger-tapir-plush",
      "description": "TBA",
      "category": 10,
      "second_category": null,
      "price_class": 3,
      "rarity": 2,
      "hunger": 0,
      "wellness": 0,
      "happiness": 1,
      "collectible": true
    }
  },
  {
    "model": "shop.item",
    "pk": 65,
    "fields": {
      "name": "Yellow Tapir Plush",
      "url": "yellow-tapir-plush",
      "description": "TBA",
      "category": 10,
      "second_category": null,
      "price_class": 2,
      "rarity": 1,
      "hunger": 0,
      "wellness": 0,
      "happiness": 1,
      "collectible": true
    }
  },
  {
    "model": "shop.item",
    "pk": 66,
    "fields": {
      "name": "Black Lizard Plush",
      "url": "black-lizard-plush",
      "description": "TBA",
      "category": 10,
      "second_category": null,
      "price_class": 2,
      "rarity": 1,
      "hunger": 0,
      "wellness": 0,
      "happiness": 1,
      "collectible": false
    }
  },
  {
    "model": "shop.item",
    "pk": 67,
    "fields": {
      "name": "Blue  Lizard Plush",
      "url": "blue-lizard-plush",
      "description": "TBA",
      "category": 10,
      "second_category": null,
      "price_class": 2,
      "rarity": 1,
      "hunger": 0,
      "wellness": 0,
      "happiness": 1,
      "collectible": false
    }
  },
  {
    "model": "shop.item",
    "pk": 68,
    "fields": {
      "name": "Gingham Lizard Plush",
      "url": "gingham-lizard-plush",
      "description": "TBA",
      "category": 10,
      "second_category": null,
      "price_class": 3,
      "rarity": 2,
      "hunger": 0,
      "wellness": 0,
      "happiness": 1,
      "collectible": false
    }
  },
  {
    "model": "shop.item",
    "pk": 69,
    "fields": {
      "name": "Glitter Lizard Plush",
      "url": "glitter-lizard-plush",
      "description": "TBA",
      "category": 10,
      "second_category": null,
      "price_class": 3,
      "rarity": 2,
      "hunger": 0,
      "wellness": 0,
      "happiness": 1,
      "collectible": false
    }
  },
  {
    "model": "shop.item",
    "pk": 70,
    "fields": {
      "name": "Green Lizard Plush",
      "url": "green-lizard-plush",
      "description": "TBA",
      "category": 10,
      "second_category": null,
      "price_class": 2,
      "rarity": 1,
      "hunger": 0,
      "wellness": 0,
      "happiness": 1,
      "collectible": false
    }
  },
  {
    "model": "shop.item",
    "pk": 71,
    "fields": {
      "name": "Red Lizard Plush",
      "url": "red-lizard-plush",
      "description": "TBA",
      "category": 10,
      "second_category": null,
      "price_class": 2,
      "rarity": 1,
      "hunger": 0,
      "wellness": 0,
      "happiness": 1,
      "collectible": false
    }
  },
  {
    "model": "shop.item",
    "pk": 72,
    "fields": {
      "name": "Sea Lizard Plush",
      "url": "sea-lizard-plush",
      "description": "TBA",
      "category": 10,
      "second_category": null,
      "price_class": 3,
      "rarity": 2,
      "hunger": 0,
      "wellness": 0,
      "happiness": 1,
      "collectible": false
    }
  },
  {
    "model": "shop.item",
    "pk": 73,
    "fields": {
      "name": "Cloud Lizard Plush",
      "url": "cloud-lizard-plush",
      "description": "TBA",
      "category": 10,
      "second_category": null,
      "price_class": 3,
      "rarity": 2,
      "hunger": 0,
      "wellness": 0,
      "happiness": 1,
      "collectible": false
    }
  },
  {
    "model": "shop.item",
    "pk": 74,
    "fields": {
      "name": "Tiger Lizard Plush",
      "url": "tiger-lizard-plush",
      "description": "TBA",
      "category": 10,
      "second_category": null,
      "price_class": 3,
      "rarity": 2,
      "hunger": 0,
      "wellness": 0,
      "happiness": 1,
      "collectible": false
    }
  },
  {
    "model": "shop.item",
    "pk": 75,
    "fields": {
      "name": "Yellow Lizard Plush",
      "url": "yellow-lizard-plush",
      "description": "TBA",
      "category": 10,
      "second_category": null,
      "price_class": 2,
      "rarity": 1,
      "hunger": 0,
      "wellness": 0,
      "happiness": 1,
      "collectible": false
    }
  },
  {
    "model": "shop.item",
    "pk": 76,
    "fields": {
      "name": "Black Monkey Plush",
      "url": "black-monkey-plush",
      "description": "TBA",
      "category": 10,
      "second_category": null,
      "price_class": 2,
      "rarity": 1,
      "hunger": 0,
      "wellness": 0,
      "happiness": 1,
      "collectible": false
    }
  },
  {
    "model": "shop.item",
    "pk": 77,
    "fields": {
      "name": "Blue Monkey Plush",
      "url": "black-monkey-plush",
      "description": "TBA",
      "category": 10,
      "second_category": null,
      "price_class": 2,
      "rarity": 1,
      "hunger": 0,
      "wellness": 0,
      "happiness": 1,
      "collectible": false
    }
  },
  {
    "model": "shop.item",
    "pk": 78,
    "fields": {
      "name": "Cloud Monkey Plush",
      "url": "cloud-monkey-plush",
      "description": "TBA",
      "category": 10,
      "second_category": null,
      "price_class": 3,
      "rarity": 2,
      "hunger": 0,
      "wellness": 0,
      "happiness": 1,
      "collectible": false
    }
  },
  {
    "model": "shop.item",
    "pk": 79,
    "fields": {
      "name": "Gingham Monkey Plush",
      "url": "gingham-monkey-plush",
      "description": "TBA",
      "category": 10,
      "second_category": null,
      "price_class": 3,
      "rarity": 2,
      "hunger": 0,
      "wellness": 0,
      "happiness": 1,
      "collectible": false
    }
  },
  {
    "model": "shop.item",
    "pk": 80,
    "fields": {
      "name": "Glitter Monkey Plush",
      "url": "glitter-monkey-plush",
      "description": "TBA",
      "category": 10,
      "second_category": null,
      "price_class": 3,
      "rarity": 2,
      "hunger": 0,
      "wellness": 0,
      "happiness": 1,
      "collectible": false
    }
  },
  {
    "model": "shop.item",
    "pk": 81,
    "fields": {
      "name": "Green Monkey Plush",
      "url": "green-monkey-plush",
      "description": "TBA",
      "category": 10,
      "second_category": null,
      "price_class": 2,
      "rarity": 1,
      "hunger": 0,
      "wellness": 0,
      "happiness": 1,
      "collectible": false
    }
  },
  {
    "model": "shop.item",
    "pk": 82,
    "fields": {
      "name": "Red Monkey Plush",
      "url": "red-monkey-plush",
      "description": "TBA",
      "category": 10,
      "second_category": null,
      "price_class": 2,
      "rarity": 1,
      "hunger": 0,
      "wellness": 0,
      "happiness": 1,
      "collectible": false
    }
  },
  {
    "model": "shop.item",
    "pk": 83,
    "fields": {
      "name": "Sea Monkey Plush",
      "url": "sea-monkey-plush",
      "description": "TBA",
      "category": 10,
      "second_category": null,
      "price_class": 3,
      "rarity": 2,
      "hunger": 0,
      "wellness": 0,
      "happiness": 1,
      "collectible": false
    }
  },
  {
    "model": "shop.item",
    "pk": 84,
    "fields": {
      "name": "Tiger Monkey Plush",
      "url": "tiger-monkey-plush",
      "description": "TBA",
      "category": 10,
      "second_category": null,
      "price_class": 3,
      "rarity": 2,
      "hunger": 0,
      "wellness": 0,
      "happiness": 1,
      "collectible": false
    }
  },
  {
    "model": "shop.item",
    "pk": 85,
    "fields": {
      "name": "Yellow Monkey Plush",
      "url": "yellow-monkey-plush",
      "description": "TBA",
      "category": 10,
      "second_category": null,
      "price_class": 2,
      "rarity": 1,
      "hunger": 0,
      "wellness": 0,
      "happiness": 1,
      "collectible": false
    }
  },
  {
    "model": "shop.item",
    "pk": 86,
    "fields": {
      "name": "Hunger Potion",
      "url": "hunger",
      "description": "TBA",
      "category": 7,
      "second_category": 11,
      "price_class": 3,
      "rarity": 1,
      "hunger": 5,
      "wellness": 0,
      "happiness": 0,
      "collectible": false
    }
  },
  {
    "model": "shop.item",
    "pk": 87,
    "fields": {
      "name": "Happiness Potion",
      "url": "happiness",
      "description": "TBA",
      "category": 7,
      "second_category": 11,
      "price_class": 3,
      "rarity": 1,
      "hunger": 0,
      "wellness": 0,
      "happiness": 5,
      "collectible": false
    }
  },
  {
    "model": "shop.item",
    "pk": 88,
    "fields": {
      "name": "Wellness Potion",
      "url": "wellness",
      "description": "TBA",
      "category": 7,
      "second_category": 11,
      "price_class": 3,
      "rarity": 1,
      "hunger": 0,
      "wellness": 5,
      "happiness": 0,
      "collectible": false
    }
  },
  {
    "model": "shop.item",
    "pk": 89,
    "fields": {
      "name": "Apricot",
      "url": "apricot",
      "description": "TBA",
      "category": 1,
      "second_category": 4,
      "price_class": 2,
      "rarity": 1,
      "hunger": 1,
      "wellness": 0,
      "happiness": 0,
      "collectible": false
    }
  },
  {
    "model": "shop.item",
    "pk": 90,
    "fields": {
      "name": "Avocado",
      "url": "avocado",
      "description": "TBA",
      "category": 1,
      "second_category": 4,
      "price_class": 3,
      "rarity": 1,
      "hunger": 1,
      "wellness": 0,
      "happiness": 0,
      "collectible": false
    }
  },
  {
    "model": "shop.item",
    "pk": 91,
    "fields": {
      "name": "Banana",
      "url": "banana",
      "description": "TBA",
      "category": 1,
      "second_category": 4,
      "price_class": 1,
      "rarity": 1,
      "hunger": 1,
      "wellness": 0,
      "happiness": 0,
      "collectible": false
    }
  },
  {
    "model": "shop.item",
    "pk": 92,
    "fields": {
      "name": "Blackberry",
      "url": "blackberry",
      "description": "TBA",
      "category": 1,
      "second_category": 4,
      "price_class": 1,
      "rarity": 1,
      "hunger": 1,
      "wellness": 0,
      "happiness": 0,
      "collectible": false
    }
  },
  {
    "model": "shop.item",
    "pk": 93,
    "fields": {
      "name": "Blueberry",
      "url": "blueberry",
      "description": "TBA",
      "category": 1,
      "second_category": 4,
      "price_class": 1,
      "rarity": 1,
      "hunger": 1,
      "wellness": 0,
      "happiness": 0,
      "collectible": false
    }
  },
  {
    "model": "shop.item",
    "pk": 94,
    "fields": {
      "name": "Cherry",
      "url": "cherry",
      "description": "TBA",
      "category": 1,
      "second_category": 4,
      "price_class": 1,
      "rarity": 1,
      "hunger": 1,
      "wellness": 0,
      "happiness": 0,
      "collectible": false
    }
  },
  {
    "model": "shop.item",
    "pk": 95,
    "fields": {
      "name": "Lime",
      "url": "lime",
      "description": "TBA",
      "category": 1,
      "second_category": 4,
      "price_class": 2,
      "rarity": 1,
      "hunger": 1,
      "wellness": 0,
      "happiness": 0,
      "collectible": false
    }
  },
  {
    "model": "shop.item",
    "pk": 96,
    "fields": {
      "name": "Mango",
      "url": "mango",
      "description": "TBA",
      "category": 1,
      "second_category": 4,
      "price_class": 3,
      "rarity": 1,
      "hunger": 1,
      "wellness": 0,
      "happiness": 0,
      "collectible": false
    }
  },
  {
    "model": "shop.item",
    "pk": 97,
    "fields": {
      "name": "Peach",
      "url": "peach",
      "description": "TBA",
      "category": 1,
      "second_category": 4,
      "price_class": 1,
      "rarity": 1,
      "hunger": 1,
      "wellness": 0,
      "happiness": 0,
      "collectible": false
    }
  },
  {
    "model": "shop.item",
    "pk": 98,
    "fields": {
      "name": "Pear",
      "url": "pear",
      "description": "TBA",
      "category": 1,
      "second_category": 4,
      "price_class": 1,
      "rarity": 1,
      "hunger": 1,
      "wellness": 0,
      "happiness": 0,
      "collectible": false
    }
  },
  {
    "model": "shop.item",
    "pk": 99,
    "fields": {
      "name": "Pineapple",
      "url": "pineapple",
      "description": "TBA",
      "category": 1,
      "second_category": 4,
      "price_class": 2,
      "rarity": 1,
      "hunger": 1,
      "wellness": 0,
      "happiness": 0,
      "collectible": false
    }
  },
  {
    "model": "shop.item",
    "pk": 100,
    "fields": {
      "name": "Plum",
      "url": "plum",
      "description": "TBA",
      "category": 1,
      "second_category": 4,
      "price_class": 2,
      "rarity": 1,
      "hunger": 1,
      "wellness": 0,
      "happiness": 0,
      "collectible": false
    }
  },
  {
    "model": "shop.item",
    "pk": 101,
    "fields": {
      "name": "Pomegranate",
      "url": "pomegranate",
      "description": "TBA",
      "category": 1,
      "second_category": 4,
      "price_class": 3,
      "rarity": 1,
      "hunger": 1,
      "wellness": 0,
      "happiness": 0,
      "collectible": false
    }
  },
  {
    "model": "shop.item",
    "pk": 102,
    "fields": {
      "name": "Tomato",
      "url": "tomato",
      "description": "TBA",
      "category": 1,
      "second_category": 4,
      "price_class": 1,
      "rarity": 1,
      "hunger": 1,
      "wellness": 0,
      "happiness": 0,
      "collectible": false
    }
  },
  {
    "model": "shop.item",
    "pk": 103,
    "fields": {
      "name": "Watermelon",
      "url": "watermelon",
      "description": "TBA",
      "category": 1,
      "second_category": 4,
      "price_class": 2,
      "rarity": 1,
      "hunger": 1,
      "wellness": 0,
      "happiness": 0,
      "collectible": false
    }
  },
  {
    "model": "shop.item",
    "pk": 104,
    "fields": {
      "name": "Asparagus",
      "url": "asparagus",
      "description": "TBA",
      "category": 2,
      "second_category": 4,
      "price_class": 1,
      "rarity": 1,
      "hunger": 1,
      "wellness": 0,
      "happiness": 0,
      "collectible": false
    }
  },
  {
    "model": "shop.item",
    "pk": 105,
    "fields": {
      "name": "Cauliflower",
      "url": "cauliflower",
      "description": "TBA",
      "category": 2,
      "second_category": 4,
      "price_class": 2,
      "rarity": 1,
      "hunger": 1,
      "wellness": 0,
      "happiness": 0,
      "collectible": false
    }
  },
  {
    "model": "shop.item",
    "pk": 106,
    "fields": {
      "name": "Celery",
      "url": "celery",
      "description": "TBA",
      "category": 2,
      "second_category": 4,
      "price_class": 1,
      "rarity": 1,
      "hunger": 1,
      "wellness": 0,
      "happiness": 0,
      "collectible": false
    }
  },
  {
    "model": "shop.item",
    "pk": 107,
    "fields": {
      "name": "Corn",
      "url": "corn",
      "description": "TBA",
      "category": 2,
      "second_category": 4,
      "price_class": 1,
      "rarity": 1,
      "hunger": 1,
      "wellness": 0,
      "happiness": 0,
      "collectible": false
    }
  },
  {
    "model": "shop.item",
    "pk": 108,
    "fields": {
      "name": "Garlic",
      "url": "garlic",
      "description": "TBA",
      "category": 2,
      "second_category": 4,
      "price_class": 3,
      "rarity": 1,
      "hunger": 1,
      "wellness": 0,
      "happiness": 0,
      "collectible": false
    }
  },
  {
    "model": "shop.item",
    "pk": 109,
    "fields": {
      "name": "Green Beans",
      "url": "green-beans",
      "description": "TBA",
      "category": 2,
      "second_category": 4,
      "price_class": 2,
      "rarity": 1,
      "hunger": 1,
      "wellness": 0,
      "happiness": 0,
      "collectible": false
    }
  },
  {
    "model": "shop.item",
    "pk": 110,
    "fields": {
      "name": "Kale",
      "url": "kale",
      "description": "TBA",
      "category": 2,
      "second_category": 4,
      "price_class": 3,
      "rarity": 1,
      "hunger": 1,
      "wellness": 0,
      "happiness": 0,
      "collectible": false
    }
  },
  {
    "model": "shop.item",
    "pk": 111,
    "fields": {
      "name": "Leek",
      "url": "leek",
      "description": "TBA",
      "category": 2,
      "second_category": 4,
      "price_class": 3,
      "rarity": 1,
      "hunger": 1,
      "wellness": 0,
      "happiness": 0,
      "collectible": false
    }
  },
  {
    "model": "shop.item",
    "pk": 112,
    "fields": {
      "name": "Okra",
      "url": "okra",
      "description": "TBA",
      "category": 2,
      "second_category": 4,
      "price_class": 2,
      "rarity": 1,
      "hunger": 1,
      "wellness": 0,
      "happiness": 0,
      "collectible": false
    }
  },
  {
    "model": "shop.item",
    "pk": 113,
    "fields": {
      "name": "Onion",
      "url": "onion",
      "description": "TBA",
      "category": 2,
      "second_category": 4,
      "price_class": 2,
      "rarity": 1,
      "hunger": 1,
      "wellness": 0,
      "happiness": 0,
      "collectible": false
    }
  },
  {
    "model": "shop.item",
    "pk": 114,
    "fields": {
      "name": "Peas",
      "url": "peas",
      "description": "TBA",
      "category": 2,
      "second_category": 4,
      "price_class": 1,
      "rarity": 1,
      "hunger": 1,
      "wellness": 0,
      "happiness": 0,
      "collectible": false
    }
  },
  {
    "model": "shop.item",
    "pk": 115,
    "fields": {
      "name": "Potato",
      "url": "potato",
      "description": "TBA",
      "category": 2,
      "second_category": 4,
      "price_class": 1,
      "rarity": 1,
      "hunger": 1,
      "wellness": 0,
      "happiness": 0,
      "collectible": false
    }
  },
  {
    "model": "shop.item",
    "pk": 116,
    "fields": {
      "name": "Pumpkin",
      "url": "pumpkin",
      "description": "TBA",
      "category": 2,
      "second_category": 4,
      "price_class": 3,
      "rarity": 1,
      "hunger": 1,
      "wellness": 0,
      "happiness": 0,
      "collectible": false
    }
  },
  {
    "model": "shop.item",
    "pk": 117,
    "fields": {
      "name": "Radish",
      "url": "radish",
      "description": "TBA",
      "category": 2,
      "second_category": 4,
      "price_class": 3,
      "rarity": 1,
      "hunger": 1,
      "wellness": 0,
      "happiness": 0,
      "collectible": false
    }
  },
  {
    "model": "shop.item",
    "pk": 118,
    "fields": {
      "name": "Spinach",
      "url": "spinach",
      "description": "TBA",
      "category": 2,
      "second_category": 4,
      "price_class": 1,
      "rarity": 1,
      "hunger": 1,
      "wellness": 0,
      "happiness": 0,
      "collectible": false
    }
  },
  {
    "model": "shop.item",
    "pk": 119,
    "fields": {
      "name": "Bottled Water",
      "url": "bottled-water",
      "description": "TBA",
      "category": 6,
      "second_category": 5,
      "price_class": 1,
      "rarity": 1,
      "hunger": 0,
      "wellness": 10,
      "happiness": 0,
      "collectible": false
    }
  },
  {
    "model": "shop.item",
    "pk": 120,
    "fields": {
      "name": "Chicken Noodle Soup",
      "url": "chicken-noodle-soup",
      "description": "TBA",
      "category": 6,
      "second_category": 5,
      "price_class": 1,
      "rarity": 1,
      "hunger": 0,
      "wellness": 10,
      "happiness": 0,
      "collectible": false
    }
  },
  {
    "model": "shop.item",
    "pk": 121,
    "fields": {
      "name": "Cold Pack",
      "url": "cold-pack",
      "description": "TBA",
      "category": 6,
      "second_category": 5,
      "price_class": 2,
      "rarity": 1,
      "hunger": 0,
      "wellness": 10,
      "happiness": 0,
      "collectible": false
    }
  },
  {
    "model": "shop.item",
    "pk": 122,
    "fields": {
      "name": "Cold Pills",
      "url": "cold-pills",
      "description": "TBA",
      "category": 6,
      "second_category": 5,
      "price_class": 2,
      "rarity": 1,
      "hunger": 0,
      "wellness": 10,
      "happiness": 0,
      "collectible": false
    }
  },
  {
    "model": "shop.item",
    "pk": 123,
    "fields": {
      "name": "Cranberry Juice",
      "url": "cranberry-juice",
      "description": "TBA",
      "category": 6,
      "second_category": 5,
      "price_class": 2,
      "rarity": 1,
      "hunger": 0,
      "wellness": 10,
      "happiness": 0,
      "collectible": false
    }
  },
  {
    "model": "shop.item",
    "pk": 124,
    "fields": {
      "name": "Essential Oils",
      "url": "essential-oils",
      "description": "TBA",
      "category": 6,
      "second_category": 5,
      "price_class": 3,
      "rarity": 1,
      "hunger": 0,
      "wellness": 10,
      "happiness": 0,
      "collectible": false
    }
  },
  {
    "model": "shop.item",
    "pk": 125,
    "fields": {
      "name": "Hard Candy",
      "url": "hard-candy",
      "description": "TBA",
      "category": 6,
      "second_category": 5,
      "price_class": 1,
      "rarity": 1,
      "hunger": 0,
      "wellness": 10,
      "happiness": 0,
      "collectible": false
    }
  },
  {
    "model": "shop.item",
    "pk": 126,
    "fields": {
      "name": "Heating Pad",
      "url": "heating-pad",
      "description": "TBA",
      "category": 6,
      "second_category": 5,
      "price_class": 2,
      "rarity": 1,
      "hunger": 0,
      "wellness": 10,
      "happiness": 0,
      "collectible": false
    }
  },
  {
    "model": "shop.item",
    "pk": 127,
    "fields": {
      "name": "Honey",
      "url": "honey",
      "description": "TBA",
      "category": 6,
      "second_category": 5,
      "price_class": 1,
      "rarity": 1,
      "hunger": 0,
      "wellness": 10,
      "happiness": 0,
      "collectible": false
    }
  },
  {
    "model": "shop.item",
    "pk": 128,
    "fields": {
      "name": "Humidifier",
      "url": "humidifier",
      "description": "TBA",
      "category": 6,
      "second_category": 5,
      "price_class": 3,
      "rarity": 1,
      "hunger": 0,
      "wellness": 10,
      "happiness": 0,
      "collectible": false
    }
  },
  {
    "model": "shop.item",
    "pk": 129,
    "fields": {
      "name": "Mineral Water",
      "url": "mineral-water",
      "description": "TBA",
      "category": 6,
      "second_category": 5,
      "price_class": 2,
      "rarity": 1,
      "hunger": 0,
      "wellness": 10,
      "happiness": 0,
      "collectible": false
    }
  },
  {
    "model": "shop.item",
    "pk": 130,
    "fields": {
      "name": "Peppermint",
      "url": "peppermint",
      "description": "TBA",
      "category": 6,
      "second_category": 5,
      "price_class": 1,
      "rarity": 1,
      "hunger": 0,
      "wellness": 10,
      "happiness": 0,
      "collectible": false
    }
  },
  {
    "model": "shop.item",
    "pk": 131,
    "fields": {
      "name": "Petroleum Jelly",
      "url": "petroleum-jelly",
      "description": "TBA",
      "category": 6,
      "second_category": 5,
      "price_class": 2,
      "rarity": 1,
      "hunger": 0,
      "wellness": 10,
      "happiness": 0,
      "collectible": false
    }
  },
  {
    "model": "shop.item",
    "pk": 132,
    "fields": {
      "name": "Salt Water Rinse",
      "url": "salt-water",
      "description": "TBA",
      "category": 6,
      "second_category": 5,
      "price_class": 1,
      "rarity": 1,
      "hunger": 0,
      "wellness": 10,
      "happiness": 0,
      "collectible": false
    }
  },
  {
    "model": "shop.item",
    "pk": 133,
    "fields": {
      "name": "Yoga Instructional DVD",
      "url": "yoga-instructional-dvd",
      "description": "TBA",
      "category": 6,
      "second_category": 5,
      "price_class": 3,
      "rarity": 1,
      "hunger": 0,
      "wellness": 10,
      "happiness": 0,
      "collectible": false
    }
  },
  {
    "model": "shop.item",
    "pk": 134,
    "fields": {
      "name": "Applesauce",
      "url": "applesauce",
      "description": "TBA",
      "category": 4,
      "second_category": null,
      "price_class": 2,
      "rarity": 1,
      "hunger": 1,
      "wellness": 0,
      "happiness": 0,
      "collectible": false
    }
  },
  {
    "model": "shop.item",
    "pk": 135,
    "fields": {
      "name": "Bagel",
      "url": "bagel",
      "description": "TBA",
      "category": 4,
      "second_category": null,
      "price_class": 2,
      "rarity": 1,
      "hunger": 1,
      "wellness": 0,
      "happiness": 0,
      "collectible": false
    }
  },
  {
    "model": "shop.item",
    "pk": 136,
    "fields": {
      "name": "Can of Beans",
      "url": "can-of-beans",
      "description": "TBA",
      "category": 4,
      "second_category": null,
      "price_class": 1,
      "rarity": 1,
      "hunger": 1,
      "wellness": 0,
      "happiness": 0,
      "collectible": false
    }
  },
  {
    "model": "shop.item",
    "pk": 137,
    "fields": {
      "name": "Cheese",
      "url": "cheese",
      "description": "TBA",
      "category": 4,
      "second_category": null,
      "price_class": 1,
      "rarity": 1,
      "hunger": 1,
      "wellness": 0,
      "happiness": 0,
      "collectible": false
    }
  },
  {
    "model": "shop.item",
    "pk": 138,
    "fields": {
      "name": "Chocolate Milk",
      "url": "chocolate-milk",
      "description": "TBA",
      "category": 4,
      "second_category": null,
      "price_class": 2,
      "rarity": 2,
      "hunger": 1,
      "wellness": 0,
      "happiness": 0,
      "collectible": false
    }
  },
  {
    "model": "shop.item",
    "pk": 139,
    "fields": {
      "name": "Eggs",
      "url": "egg",
      "description": "TBA",
      "category": 4,
      "second_category": null,
      "price_class": 1,
      "rarity": 1,
      "hunger": 1,
      "wellness": 0,
      "happiness": 0,
      "collectible": false
    }
  },
  {
    "model": "shop.item",
    "pk": 140,
    "fields": {
      "name": "French Bread",
      "url": "french-bread",
      "description": "TBA",
      "category": 4,
      "second_category": null,
      "price_class": 2,
      "rarity": 2,
      "hunger": 1,
      "wellness": 0,
      "happiness": 0,
      "collectible": false
    }
  },
  {
    "model": "shop.item",
    "pk": 141,
    "fields": {
      "name": "Frozen Yogurt",
      "url": "frozen-yogurt",
      "description": "TBA",
      "category": 4,
      "second_category": null,
      "price_class": 3,
      "rarity": 2,
      "hunger": 1,
      "wellness": 0,
      "happiness": 0,
      "collectible": false
    }
  },
  {
    "model": "shop.item",
    "pk": 142,
    "fields": {
      "name": "Milk",
      "url": "milk",
      "description": "TBA",
      "category": 4,
      "second_category": null,
      "price_class": 1,
      "rarity": 1,
      "hunger": 1,
      "wellness": 0,
      "happiness": 0,
      "collectible": false
    }
  },
  {
    "model": "shop.item",
    "pk": 143,
    "fields": {
      "name": "Olive Oil",
      "url": "olive-oil",
      "description": "TBA",
      "category": 4,
      "second_category": null,
      "price_class": 3,
      "rarity": 2,
      "hunger": 1,
      "wellness": 0,
      "happiness": 0,
      "collectible": false
    }
  },
  {
    "model": "shop.item",
    "pk": 144,
    "fields": {
      "name": "Orange Juice",
      "url": "orange-juice",
      "description": "TBA",
      "category": 4,
      "second_category": null,
      "price_class": 1,
      "rarity": 1,
      "hunger": 1,
      "wellness": 0,
      "happiness": 0,
      "collectible": false
    }
  },
  {
    "model": "shop.item",
    "pk": 145,
    "fields": {
      "name": "Peanut Butter",
      "url": "peanut-butter",
      "description": "TBA",
      "category": 4,
      "second_category": null,
      "price_class": 2,
      "rarity": 1,
      "hunger": 1,
      "wellness": 0,
      "happiness": 0,
      "collectible": false
    }
  },
  {
    "model": "shop.item",
    "pk": 146,
    "fields": {
      "name": "Spices",
      "url": "spices",
      "description": "TBA",
      "category": 4,
      "second_category": null,
      "price_class": 3,
      "rarity": 3,
      "hunger": 1,
      "wellness": 0,
      "happiness": 0,
      "collectible": false
    }
  },
  {
    "model": "shop.item",
    "pk": 147,
    "fields": {
      "name": "Strawberry Milk",
      "url": "strawberry-milk",
      "description": "TBA",
      "category": 4,
      "second_category": null,
      "price_class": 3,
      "rarity": 1,
      "hunger": 1,
      "wellness": 0,
      "happiness": 0,
      "collectible": false
    }
  },
  {
    "model": "shop.item",
    "pk": 148,
    "fields": {
      "name": "Wheat Bread",
      "url": "wheat-bread",
      "description": "TBA",
      "category": 4,
      "second_category": null,
      "price_class": 2,
      "rarity": 1,
      "hunger": 1,
      "wellness": 0,
      "happiness": 0,
      "collectible": false
    }
  },
  {
    "model": "shop.item",
    "pk": 149,
    "fields": {
      "name": "Yogurt",
      "url": "yogurt",
      "description": "TBA",
      "category": 4,
      "second_category": null,
      "price_class": 3,
      "rarity": 1,
      "hunger": 1,
      "wellness": 0,
      "happiness": 0,
      "collectible": false
    }
  },
  {
    "model": "shop.item",
    "pk": 150,
    "fields": {
      "name": "Injection",
      "url": "injection",
      "description": "TBA",
      "category": 5,
      "second_category": null,
      "price_class": 1,
      "rarity": 10,
      "hunger": 0,
      "wellness": 4,
      "happiness": 0,
      "collectible": false
    }
  },
  {
    "model": "shop.item",
    "pk": 151,
    "fields": {
      "name": "Cough Syrup",
      "url": "cough-syrup",
      "description": "TBA",
      "category": 5,
      "second_category": null,
      "price_class": 1,
      "rarity": 10,
      "hunger": 0,
      "wellness": 4,
      "happiness": 0,
      "collectible": false
    }
  },
  {
    "model": "shop.item",
    "pk": 152,
    "fields": {
      "name": "Nasal Spray",
      "url": "nasal-spray",
      "description": "TBA",
      "category": 5,
      "second_category": null,
      "price_class": 1,
      "rarity": 10,
      "hunger": 0,
      "wellness": 4,
      "happiness": 0,
      "collectible": false
    }
  },
  {
    "model": "shop.item",
    "pk": 153,
    "fields": {
      "name": "Ointment",
      "url": "ointment",
      "description": "TBA",
      "category": 5,
      "second_category": null,
      "price_class": 1,
      "rarity": 10,
      "hunger": 0,
      "wellness": 4,
      "happiness": 0,
      "collectible": false
    }
  },
  {
    "model": "shop.item",
    "pk": 154,
    "fields": {
      "name": "PT Prescription",
      "url": "physical-therapy",
      "description": "TBA",
      "category": 5,
      "second_category": null,
      "price_class": 1,
      "rarity": 10,
      "hunger": 0,
      "wellness": 4,
      "happiness": 0,
      "collectible": false
    }
  },
  {
    "model": "shop.item",
    "pk": 155,
    "fields": {
      "name": "Pills",
      "url": "pills",
      "description": "TBA",
      "category": 5,
      "second_category": null,
      "price_class": 1,
      "rarity": 10,
      "hunger": 0,
      "wellness": 4,
      "happiness": 0,
      "collectible": false
    }
  },
  {
    "model": "shop.item",
    "pk": 156,
    "fields": {
      "name": "Steroids",
      "url": "steroids",
      "description": "TBA",
      "category": 5,
      "second_category": null,
      "price_class": 1,
      "rarity": 10,
      "hunger": 0,
      "wellness": 4,
      "happiness": 0,
      "collectible": false
    }
  },
  {
    "model": "shop.item",
    "pk": 157,
    "fields": {
      "name": "Burrito",
      "url": "burrito",
      "description": "TBA",
      "category": 12,
      "second_category": null,
      "price_class": 2,
      "rarity": 3,
      "hunger": 10,
      "wellness": 0,
      "happiness": 10,
      "collectible": false
    }
  },
  {
    "model": "shop.item",
    "pk": 158,
    "fields": {
      "name": "Cheeseburger",
      "url": "cheeseburger",
      "description": "TBA",
      "category": 12,
      "second_category": null,
      "price_class": 1,
      "rarity": 1,
      "hunger": 10,
      "wellness": 0,
      "happiness": 10,
      "collectible": false
    }
  },
  {
    "model": "shop.item",
    "pk": 159,
    "fields": {
      "name": "Chicken Nuggets",
      "url": "chicken-nuggets",
      "description": "TBA",
      "category": 12,
      "second_category": null,
      "price_class": 2,
      "rarity": 1,
      "hunger": 10,
      "wellness": 0,
      "happiness": 10,
      "collectible": false
    }
  },
  {
    "model": "shop.item",
    "pk": 160,
    "fields": {
      "name": "Chocolate Ice Cream Cone",
      "url": "chocolate-ice-cream-cone",
      "description": "TBA",
      "category": 12,
      "second_category": null,
      "price_class": 3,
      "rarity": 2,
      "hunger": 10,
      "wellness": 0,
      "happiness": 10,
      "collectible": false
    }
  },
  {
    "model": "shop.item",
    "pk": 161,
    "fields": {
      "name": "Chocolate Milkshake",
      "url": "chocolate-milkshake",
      "description": "TBA",
      "category": 12,
      "second_category": null,
      "price_class": 3,
      "rarity": 2,
      "hunger": 10,
      "wellness": 0,
      "happiness": 10,
      "collectible": false
    }
  },
  {
    "model": "shop.item",
    "pk": 162,
    "fields": {
      "name": "French Fries",
      "url": "french-fries",
      "description": "TBA",
      "category": 12,
      "second_category": null,
      "price_class": 1,
      "rarity": 1,
      "hunger": 10,
      "wellness": 0,
      "happiness": 10,
      "collectible": false
    }
  },
  {
    "model": "shop.item",
    "pk": 163,
    "fields": {
      "name": "Nachos With Cheese",
      "url": "nachos-with-cheese",
      "description": "TBA",
      "category": 12,
      "second_category": null,
      "price_class": 2,
      "rarity": 2,
      "hunger": 10,
      "wellness": 0,
      "happiness": 10,
      "collectible": false
    }
  },
  {
    "model": "shop.item",
    "pk": 164,
    "fields": {
      "name": "Strawberry Ice Cream Cone",
      "url": "strawberry-ice-cream-cone",
      "description": "TBA",
      "category": 12,
      "second_category": null,
      "price_class": 3,
      "rarity": 2,
      "hunger": 10,
      "wellness": 0,
      "happiness": 10,
      "collectible": false
    }
  },
  {
    "model": "shop.item",
    "pk": 165,
    "fields": {
      "name": "Strawberry Milkshake",
      "url": "strawberry-milkshake",
      "description": "TBA",
      "category": 12,
      "second_category": null,
      "price_class": 3,
      "rarity": 2,
      "hunger": 10,
      "wellness": 0,
      "happiness": 10,
      "collectible": false
    }
  },
  {
    "model": "shop.item",
    "pk": 166,
    "fields": {
      "name": "Taco",
      "url": "taco",
      "description": "TBA",
      "category": 12,
      "second_category": null,
      "price_class": 2,
      "rarity": 3,
      "hunger": 10,
      "wellness": 0,
      "happiness": 10,
      "collectible": false
    }
  },
  {
    "model": "shop.item",
    "pk": 167,
    "fields": {
      "name": "Tater Tots",
      "url": "tater-tots",
      "description": "TBA",
      "category": 12,
      "second_category": null,
      "price_class": 2,
      "rarity": 2,
      "hunger": 10,
      "wellness": 0,
      "happiness": 10,
      "collectible": false
    }
  },
  {
    "model": "shop.item",
    "pk": 168,
    "fields": {
      "name": "Triple Cheeseburger",
      "url": "triple-cheeseburger",
      "description": "TBA",
      "category": 12,
      "second_category": null,
      "price_class": 3,
      "rarity": 3,
      "hunger": 10,
      "wellness": 0,
      "happiness": 10,
      "collectible": false
    }
  },
  {
    "model": "shop.item",
    "pk": 169,
    "fields": {
      "name": "Triple Scoop Ice Cream Cone",
      "url": "triple-scoop-ice-cream-cone",
      "description": "TBA",
      "category": 12,
      "second_category": null,
      "price_class": 3,
      "rarity": 3,
      "hunger": 10,
      "wellness": 0,
      "happiness": 10,
      "collectible": false
    }
  },
  {
    "model": "shop.item",
    "pk": 170,
    "fields": {
      "name": "Vanilla Ice Cream Cone",
      "url": "vanilla-ice-cream-cone",
      "description": "TBA",
      "category": 12,
      "second_category": null,
      "price_class": 3,
      "rarity": 2,
      "hunger": 10,
      "wellness": 0,
      "happiness": 10,
      "collectible": false
    }
  },
  {
    "model": "shop.item",
    "pk": 171,
    "fields": {
      "name": "Vanilla Milkshake",
      "url": "vanilla-milkshake",
      "description": "TBA",
      "category": 12,
      "second_category": null,
      "price_class": 3,
      "rarity": 2,
      "hunger": 10,
      "wellness": 0,
      "happiness": 10,
      "collectible": false
    }
  },
  {
    "model": "shop.shop",
    "pk": 1,
    "fields": {
      "name": "Sprite's Sprouts",
      "url": "sprouts",
      "description": "Full of organic fruits and vegetables, sure to keep your pets well nourished and healthy, even though everything seems to have a very slight coating of dirt.",
      "category": 4,
      "prices": "89,335,828,189,59,99,166,712,1670,209,1313,99,1962,618,96,333,148,523",
      "quantities": null,
      "restock": 1,
      "items": [
        14,
        97,
        101,
        102,
        134,
        148
      ]
    }
  },
  {
    "model": "shop.shop",
    "pk": 2,
    "fields": {
      "name": "Borders",
      "url": "borders",
      "description": "Oh, you're looking for books? You've come to the right place! We are going out of business soon so all books are half price!",
      "category": 3,
      "prices": "7552,1539,200,10040,3565",
      "quantities": null,
      "restock": 3,
      "items": [
        1,
        2,
        3,
        4,
        5
      ]
    }
  },
  {
    "model": "shop.shop",
    "pk": 3,
    "fields": {
      "name": "Traditional Herbs",
      "url": "traditional-herbs",
      "description": "Create the life you were born to live. Ancient fixes proven to cure the mind, body, and spirit. The healing power of nature can get you past any sickness.",
      "category": 6,
      "prices": "619,588,249,759,239,199,576,394,301,943,111,425,294,788,284,613,108,1653",
      "quantities": null,
      "restock": 1,
      "items": [
        16,
        17,
        18,
        19,
        119,
        120,
        121,
        122,
        123,
        124,
        125,
        126,
        127,
        129,
        130,
        131,
        132,
        133
      ]
    }
  },
  {
    "model": "shop.shop",
    "pk": 4,
    "fields": {
      "name": "Alchemist",
      "url": "alchemist",
      "description": "Give your pet new life. Purify and perfect all imperfections. Potions guaranteed to have desirable effects on all pets, young and old.",
      "category": 7,
      "prices": "24736,29963,24129,28779,29121,38841,36733,35703,37306,30321,67697,75963,55496,83757,51919,1735,1396,1621",
      "quantities": null,
      "restock": 1,
      "items": [
        21,
        22,
        23,
        24,
        25,
        26,
        27,
        28,
        29,
        30,
        31,
        32,
        33,
        34,
        35,
        86,
        87,
        88
      ]
    }
  },
  {
    "model": "shop.shop",
    "pk": 5,
    "fields": {
      "name": "Shop Plush",
      "url": "shop-plush",
      "description": "Find your new furry friend at Shop Plush (TM)!",
      "category": 10,
      "prices": "329,737,1574,579,573,1567,797,1932,1659,642,1838,840,1433,1300,510,1046,1516,1509",
      "quantities": null,
      "restock": 1,
      "items": [
        36,
        42,
        44,
        47,
        52,
        53,
        56,
        59,
        60,
        62,
        68,
        72,
        73,
        74,
        77,
        78,
        83,
        84
      ]
    }
  },
  {
    "model": "shop.shop",
    "pk": 6,
    "fields": {
      "name": "Quick Trip",
      "url": "quick-trip",
      "description": "Your one-stop-shop for any foods that are \"guaranteed\" to be good and good for you! No refunds!",
      "category": 12,
      "prices": "402,216,586,1164,1739,136,543,1811,1735,779,570,963,1140,1963,1470",
      "quantities": null,
      "restock": 1,
      "items": [
        157,
        158,
        159,
        160,
        161,
        162,
        163,
        164,
        165,
        166,
        167,
        168,
        169,
        170,
        171
      ]
    }
  },
  {
    "model": "social.board",
    "pk": 1,
    "fields": {
      "name": "Announcements",
      "url": "announcements",
      "description": "Find out all the latest happenings on the Primaria announcements boards. Only staff are allowed to post topics, but anyone may comment.",
      "staff": true
    }
  },
  {
    "model": "contenttypes.contenttype",
    "pk": 1,
    "fields": {
      "app_label": "admin",
      "model": "logentry"
    }
  },
  {
    "model": "contenttypes.contenttype",
    "pk": 2,
    "fields": {
      "app_label": "auth",
      "model": "permission"
    }
  },
  {
    "model": "contenttypes.contenttype",
    "pk": 3,
    "fields": {
      "app_label": "auth",
      "model": "group"
    }
  },
  {
    "model": "contenttypes.contenttype",
    "pk": 4,
    "fields": {
      "app_label": "auth",
      "model": "user"
    }
  },
  {
    "model": "contenttypes.contenttype",
    "pk": 5,
    "fields": {
      "app_label": "contenttypes",
      "model": "contenttype"
    }
  },
  {
    "model": "contenttypes.contenttype",
    "pk": 6,
    "fields": {
      "app_label": "sessions",
      "model": "session"
    }
  },
  {
    "model": "contenttypes.contenttype",
    "pk": 8,
    "fields": {
      "app_label": "core",
      "model": "pet"
    }
  },
  {
    "model": "contenttypes.contenttype",
    "pk": 9,
    "fields": {
      "app_label": "core",
      "model": "animal"
    }
  },
  {
    "model": "contenttypes.contenttype",
    "pk": 10,
    "fields": {
      "app_label": "shop",
      "model": "category"
    }
  },
  {
    "model": "contenttypes.contenttype",
    "pk": 11,
    "fields": {
      "app_label": "shop",
      "model": "item"
    }
  },
  {
    "model": "contenttypes.contenttype",
    "pk": 12,
    "fields": {
      "app_label": "shop",
      "model": "inventory"
    }
  },
  {
    "model": "contenttypes.contenttype",
    "pk": 13,
    "fields": {
      "app_label": "shop",
      "model": "shop"
    }
  },
  {
    "model": "contenttypes.contenttype",
    "pk": 14,
    "fields": {
      "app_label": "core",
      "model": "profile"
    }
  },
  {
    "model": "contenttypes.contenttype",
    "pk": 15,
    "fields": {
      "app_label": "djcelery",
      "model": "taskmeta"
    }
  },
  {
    "model": "contenttypes.contenttype",
    "pk": 16,
    "fields": {
      "app_label": "djcelery",
      "model": "tasksetmeta"
    }
  },
  {
    "model": "contenttypes.contenttype",
    "pk": 17,
    "fields": {
      "app_label": "djcelery",
      "model": "intervalschedule"
    }
  },
  {
    "model": "contenttypes.contenttype",
    "pk": 18,
    "fields": {
      "app_label": "djcelery",
      "model": "crontabschedule"
    }
  },
  {
    "model": "contenttypes.contenttype",
    "pk": 19,
    "fields": {
      "app_label": "djcelery",
      "model": "periodictasks"
    }
  },
  {
    "model": "contenttypes.contenttype",
    "pk": 20,
    "fields": {
      "app_label": "djcelery",
      "model": "periodictask"
    }
  },
  {
    "model": "contenttypes.contenttype",
    "pk": 21,
    "fields": {
      "app_label": "djcelery",
      "model": "workerstate"
    }
  },
  {
    "model": "contenttypes.contenttype",
    "pk": 22,
    "fields": {
      "app_label": "djcelery",
      "model": "taskstate"
    }
  },
  {
    "model": "contenttypes.contenttype",
    "pk": 23,
    "fields": {
      "app_label": "shop",
      "model": "bankaccount"
    }
  },
  {
    "model": "contenttypes.contenttype",
    "pk": 24,
    "fields": {
      "app_label": "world",
      "model": "score"
    }
  },
  {
    "model": "contenttypes.contenttype",
    "pk": 25,
    "fields": {
      "app_label": "shop",
      "model": "interest"
    }
  },
  {
    "model": "contenttypes.contenttype",
    "pk": 27,
    "fields": {
      "app_label": "world",
      "model": "dailyclaim"
    }
  },
  {
    "model": "contenttypes.contenttype",
    "pk": 28,
    "fields": {
      "app_label": "shop",
      "model": "gallery"
    }
  },
  {
    "model": "contenttypes.contenttype",
    "pk": 29,
    "fields": {
      "app_label": "social",
      "model": "message"
    }
  },
  {
    "model": "contenttypes.contenttype",
    "pk": 30,
    "fields": {
      "app_label": "social",
      "model": "badge"
    }
  },
  {
    "model": "contenttypes.contenttype",
    "pk": 31,
    "fields": {
      "app_label": "world",
      "model": "medicinepickup"
    }
  },
  {
    "model": "contenttypes.contenttype",
    "pk": 32,
    "fields": {
      "app_label": "shop",
      "model": "usershop"
    }
  },
  {
    "model": "contenttypes.contenttype",
    "pk": 33,
    "fields": {
      "app_label": "social",
      "model": "board"
    }
  },
  {
    "model": "contenttypes.contenttype",
    "pk": 34,
    "fields": {
      "app_label": "social",
      "model": "topic"
    }
  },
  {
    "model": "contenttypes.contenttype",
    "pk": 35,
    "fields": {
      "app_label": "social",
      "model": "reply"
    }
  },
  {
    "model": "contenttypes.contenttype",
    "pk": 36,
    "fields": {
      "app_label": "goddess",
      "model": "quest"
    }
  },
  {
    "model": "sessions.session",
    "pk": "ab11e2amo4oo119wq34qlzcbd7903qjf",
    "fields": {
      "session_data": "ZTcyNTRkNjY3YWU2ODk3YmZhY2U5YmFlMzMwZGRiYTA4YWZhM2EwYzp7Il9hdXRoX3VzZXJfaGFzaCI6IjVmYzEwMjg2NTBlZTg3MzExMzAzZjE5YWQzODE2OWY4MTk4NTllMDMiLCJfYXV0aF91c2VyX2JhY2tlbmQiOiJkamFuZ28uY29udHJpYi5hdXRoLmJhY2tlbmRzLk1vZGVsQmFja2VuZCIsIl9hdXRoX3VzZXJfaWQiOiIxIn0=",
      "expire_date": "2018-04-04T03:40:24.490Z"
    }
  },
  {
    "model": "sessions.session",
    "pk": "g7tagzr72bssv3er5mnk2p9mvhyozxag",
    "fields": {
      "session_data": "MWIzNDg5NTFmNWY4ZWEyZDA3MjBmMzNjNzQ0OGI4NDg0NDBiNWM3MDp7Il9hdXRoX3VzZXJfaGFzaCI6ImZjMmUyMWY5ZmJkM2RiZWMwZTljMWIzYWRhMzE4MjUwOWM1ZjMyZGYiLCJfYXV0aF91c2VyX2JhY2tlbmQiOiJkamFuZ28uY29udHJpYi5hdXRoLmJhY2tlbmRzLk1vZGVsQmFja2VuZCIsIl9hdXRoX3VzZXJfaWQiOiIxIn0=",
      "expire_date": "2018-04-24T21:05:39.047Z"
    }
  },
  {
    "model": "sessions.session",
    "pk": "hoz7wqviuq5jpp1iffckzfyklnli6g9r",
    "fields": {
      "session_data": "ZTcyNTRkNjY3YWU2ODk3YmZhY2U5YmFlMzMwZGRiYTA4YWZhM2EwYzp7Il9hdXRoX3VzZXJfaGFzaCI6IjVmYzEwMjg2NTBlZTg3MzExMzAzZjE5YWQzODE2OWY4MTk4NTllMDMiLCJfYXV0aF91c2VyX2JhY2tlbmQiOiJkamFuZ28uY29udHJpYi5hdXRoLmJhY2tlbmRzLk1vZGVsQmFja2VuZCIsIl9hdXRoX3VzZXJfaWQiOiIxIn0=",
      "expire_date": "2018-03-31T07:51:30.041Z"
    }
  },
  {
    "model": "sessions.session",
    "pk": "wke0ij4jkpxuen1tjjp6gci2oha9vc1q",
    "fields": {
      "session_data": "MWIzNDg5NTFmNWY4ZWEyZDA3MjBmMzNjNzQ0OGI4NDg0NDBiNWM3MDp7Il9hdXRoX3VzZXJfaGFzaCI6ImZjMmUyMWY5ZmJkM2RiZWMwZTljMWIzYWRhMzE4MjUwOWM1ZjMyZGYiLCJfYXV0aF91c2VyX2JhY2tlbmQiOiJkamFuZ28uY29udHJpYi5hdXRoLmJhY2tlbmRzLk1vZGVsQmFja2VuZCIsIl9hdXRoX3VzZXJfaWQiOiIxIn0=",
      "expire_date": "2018-04-25T03:17:22.122Z"
    }
  },
  {
    "model": "sessions.session",
    "pk": "x2bxrtvfgzv21zif8x4qgpxuhwm6re1x",
    "fields": {
      "session_data": "ZTcyNTRkNjY3YWU2ODk3YmZhY2U5YmFlMzMwZGRiYTA4YWZhM2EwYzp7Il9hdXRoX3VzZXJfaGFzaCI6IjVmYzEwMjg2NTBlZTg3MzExMzAzZjE5YWQzODE2OWY4MTk4NTllMDMiLCJfYXV0aF91c2VyX2JhY2tlbmQiOiJkamFuZ28uY29udHJpYi5hdXRoLmJhY2tlbmRzLk1vZGVsQmFja2VuZCIsIl9hdXRoX3VzZXJfaWQiOiIxIn0=",
      "expire_date": "2017-10-08T01:50:51.769Z"
    }
  },
  {
    "model": "auth.permission",
    "pk": 1,
    "fields": {
      "name": "Can add log entry",
      "content_type": 1,
      "codename": "add_logentry"
    }
  },
  {
    "model": "auth.permission",
    "pk": 2,
    "fields": {
      "name": "Can change log entry",
      "content_type": 1,
      "codename": "change_logentry"
    }
  },
  {
    "model": "auth.permission",
    "pk": 3,
    "fields": {
      "name": "Can delete log entry",
      "content_type": 1,
      "codename": "delete_logentry"
    }
  },
  {
    "model": "auth.permission",
    "pk": 4,
    "fields": {
      "name": "Can add permission",
      "content_type": 2,
      "codename": "add_permission"
    }
  },
  {
    "model": "auth.permission",
    "pk": 5,
    "fields": {
      "name": "Can change permission",
      "content_type": 2,
      "codename": "change_permission"
    }
  },
  {
    "model": "auth.permission",
    "pk": 6,
    "fields": {
      "name": "Can delete permission",
      "content_type": 2,
      "codename": "delete_permission"
    }
  },
  {
    "model": "auth.permission",
    "pk": 7,
    "fields": {
      "name": "Can add group",
      "content_type": 3,
      "codename": "add_group"
    }
  },
  {
    "model": "auth.permission",
    "pk": 8,
    "fields": {
      "name": "Can change group",
      "content_type": 3,
      "codename": "change_group"
    }
  },
  {
    "model": "auth.permission",
    "pk": 9,
    "fields": {
      "name": "Can delete group",
      "content_type": 3,
      "codename": "delete_group"
    }
  },
  {
    "model": "auth.permission",
    "pk": 10,
    "fields": {
      "name": "Can add user",
      "content_type": 4,
      "codename": "add_user"
    }
  },
  {
    "model": "auth.permission",
    "pk": 11,
    "fields": {
      "name": "Can change user",
      "content_type": 4,
      "codename": "change_user"
    }
  },
  {
    "model": "auth.permission",
    "pk": 12,
    "fields": {
      "name": "Can delete user",
      "content_type": 4,
      "codename": "delete_user"
    }
  },
  {
    "model": "auth.permission",
    "pk": 13,
    "fields": {
      "name": "Can add content type",
      "content_type": 5,
      "codename": "add_contenttype"
    }
  },
  {
    "model": "auth.permission",
    "pk": 14,
    "fields": {
      "name": "Can change content type",
      "content_type": 5,
      "codename": "change_contenttype"
    }
  },
  {
    "model": "auth.permission",
    "pk": 15,
    "fields": {
      "name": "Can delete content type",
      "content_type": 5,
      "codename": "delete_contenttype"
    }
  },
  {
    "model": "auth.permission",
    "pk": 16,
    "fields": {
      "name": "Can add session",
      "content_type": 6,
      "codename": "add_session"
    }
  },
  {
    "model": "auth.permission",
    "pk": 17,
    "fields": {
      "name": "Can change session",
      "content_type": 6,
      "codename": "change_session"
    }
  },
  {
    "model": "auth.permission",
    "pk": 18,
    "fields": {
      "name": "Can delete session",
      "content_type": 6,
      "codename": "delete_session"
    }
  },
  {
    "model": "auth.permission",
    "pk": 22,
    "fields": {
      "name": "Can add pet",
      "content_type": 8,
      "codename": "add_pet"
    }
  },
  {
    "model": "auth.permission",
    "pk": 23,
    "fields": {
      "name": "Can change pet",
      "content_type": 8,
      "codename": "change_pet"
    }
  },
  {
    "model": "auth.permission",
    "pk": 24,
    "fields": {
      "name": "Can delete pet",
      "content_type": 8,
      "codename": "delete_pet"
    }
  },
  {
    "model": "auth.permission",
    "pk": 25,
    "fields": {
      "name": "Can add animal",
      "content_type": 9,
      "codename": "add_animal"
    }
  },
  {
    "model": "auth.permission",
    "pk": 26,
    "fields": {
      "name": "Can change animal",
      "content_type": 9,
      "codename": "change_animal"
    }
  },
  {
    "model": "auth.permission",
    "pk": 27,
    "fields": {
      "name": "Can delete animal",
      "content_type": 9,
      "codename": "delete_animal"
    }
  },
  {
    "model": "auth.permission",
    "pk": 28,
    "fields": {
      "name": "Can add category",
      "content_type": 10,
      "codename": "add_category"
    }
  },
  {
    "model": "auth.permission",
    "pk": 29,
    "fields": {
      "name": "Can change category",
      "content_type": 10,
      "codename": "change_category"
    }
  },
  {
    "model": "auth.permission",
    "pk": 30,
    "fields": {
      "name": "Can delete category",
      "content_type": 10,
      "codename": "delete_category"
    }
  },
  {
    "model": "auth.permission",
    "pk": 31,
    "fields": {
      "name": "Can add item",
      "content_type": 11,
      "codename": "add_item"
    }
  },
  {
    "model": "auth.permission",
    "pk": 32,
    "fields": {
      "name": "Can change item",
      "content_type": 11,
      "codename": "change_item"
    }
  },
  {
    "model": "auth.permission",
    "pk": 33,
    "fields": {
      "name": "Can delete item",
      "content_type": 11,
      "codename": "delete_item"
    }
  },
  {
    "model": "auth.permission",
    "pk": 34,
    "fields": {
      "name": "Can add inventory",
      "content_type": 12,
      "codename": "add_inventory"
    }
  },
  {
    "model": "auth.permission",
    "pk": 35,
    "fields": {
      "name": "Can change inventory",
      "content_type": 12,
      "codename": "change_inventory"
    }
  },
  {
    "model": "auth.permission",
    "pk": 36,
    "fields": {
      "name": "Can delete inventory",
      "content_type": 12,
      "codename": "delete_inventory"
    }
  },
  {
    "model": "auth.permission",
    "pk": 37,
    "fields": {
      "name": "Can add shop",
      "content_type": 13,
      "codename": "add_shop"
    }
  },
  {
    "model": "auth.permission",
    "pk": 38,
    "fields": {
      "name": "Can change shop",
      "content_type": 13,
      "codename": "change_shop"
    }
  },
  {
    "model": "auth.permission",
    "pk": 39,
    "fields": {
      "name": "Can delete shop",
      "content_type": 13,
      "codename": "delete_shop"
    }
  },
  {
    "model": "auth.permission",
    "pk": 40,
    "fields": {
      "name": "Can add profile",
      "content_type": 14,
      "codename": "add_profile"
    }
  },
  {
    "model": "auth.permission",
    "pk": 41,
    "fields": {
      "name": "Can change profile",
      "content_type": 14,
      "codename": "change_profile"
    }
  },
  {
    "model": "auth.permission",
    "pk": 42,
    "fields": {
      "name": "Can delete profile",
      "content_type": 14,
      "codename": "delete_profile"
    }
  },
  {
    "model": "auth.permission",
    "pk": 43,
    "fields": {
      "name": "Can add task state",
      "content_type": 15,
      "codename": "add_taskmeta"
    }
  },
  {
    "model": "auth.permission",
    "pk": 44,
    "fields": {
      "name": "Can change task state",
      "content_type": 15,
      "codename": "change_taskmeta"
    }
  },
  {
    "model": "auth.permission",
    "pk": 45,
    "fields": {
      "name": "Can delete task state",
      "content_type": 15,
      "codename": "delete_taskmeta"
    }
  },
  {
    "model": "auth.permission",
    "pk": 46,
    "fields": {
      "name": "Can add saved group result",
      "content_type": 16,
      "codename": "add_tasksetmeta"
    }
  },
  {
    "model": "auth.permission",
    "pk": 47,
    "fields": {
      "name": "Can change saved group result",
      "content_type": 16,
      "codename": "change_tasksetmeta"
    }
  },
  {
    "model": "auth.permission",
    "pk": 48,
    "fields": {
      "name": "Can delete saved group result",
      "content_type": 16,
      "codename": "delete_tasksetmeta"
    }
  },
  {
    "model": "auth.permission",
    "pk": 49,
    "fields": {
      "name": "Can add interval",
      "content_type": 17,
      "codename": "add_intervalschedule"
    }
  },
  {
    "model": "auth.permission",
    "pk": 50,
    "fields": {
      "name": "Can change interval",
      "content_type": 17,
      "codename": "change_intervalschedule"
    }
  },
  {
    "model": "auth.permission",
    "pk": 51,
    "fields": {
      "name": "Can delete interval",
      "content_type": 17,
      "codename": "delete_intervalschedule"
    }
  },
  {
    "model": "auth.permission",
    "pk": 52,
    "fields": {
      "name": "Can add crontab",
      "content_type": 18,
      "codename": "add_crontabschedule"
    }
  },
  {
    "model": "auth.permission",
    "pk": 53,
    "fields": {
      "name": "Can change crontab",
      "content_type": 18,
      "codename": "change_crontabschedule"
    }
  },
  {
    "model": "auth.permission",
    "pk": 54,
    "fields": {
      "name": "Can delete crontab",
      "content_type": 18,
      "codename": "delete_crontabschedule"
    }
  },
  {
    "model": "auth.permission",
    "pk": 55,
    "fields": {
      "name": "Can add periodic tasks",
      "content_type": 19,
      "codename": "add_periodictasks"
    }
  },
  {
    "model": "auth.permission",
    "pk": 56,
    "fields": {
      "name": "Can change periodic tasks",
      "content_type": 19,
      "codename": "change_periodictasks"
    }
  },
  {
    "model": "auth.permission",
    "pk": 57,
    "fields": {
      "name": "Can delete periodic tasks",
      "content_type": 19,
      "codename": "delete_periodictasks"
    }
  },
  {
    "model": "auth.permission",
    "pk": 58,
    "fields": {
      "name": "Can add periodic task",
      "content_type": 20,
      "codename": "add_periodictask"
    }
  },
  {
    "model": "auth.permission",
    "pk": 59,
    "fields": {
      "name": "Can change periodic task",
      "content_type": 20,
      "codename": "change_periodictask"
    }
  },
  {
    "model": "auth.permission",
    "pk": 60,
    "fields": {
      "name": "Can delete periodic task",
      "content_type": 20,
      "codename": "delete_periodictask"
    }
  },
  {
    "model": "auth.permission",
    "pk": 61,
    "fields": {
      "name": "Can add worker",
      "content_type": 21,
      "codename": "add_workerstate"
    }
  },
  {
    "model": "auth.permission",
    "pk": 62,
    "fields": {
      "name": "Can change worker",
      "content_type": 21,
      "codename": "change_workerstate"
    }
  },
  {
    "model": "auth.permission",
    "pk": 63,
    "fields": {
      "name": "Can delete worker",
      "content_type": 21,
      "codename": "delete_workerstate"
    }
  },
  {
    "model": "auth.permission",
    "pk": 64,
    "fields": {
      "name": "Can add task",
      "content_type": 22,
      "codename": "add_taskstate"
    }
  },
  {
    "model": "auth.permission",
    "pk": 65,
    "fields": {
      "name": "Can change task",
      "content_type": 22,
      "codename": "change_taskstate"
    }
  },
  {
    "model": "auth.permission",
    "pk": 66,
    "fields": {
      "name": "Can delete task",
      "content_type": 22,
      "codename": "delete_taskstate"
    }
  },
  {
    "model": "auth.permission",
    "pk": 67,
    "fields": {
      "name": "Can add bank account",
      "content_type": 23,
      "codename": "add_bankaccount"
    }
  },
  {
    "model": "auth.permission",
    "pk": 68,
    "fields": {
      "name": "Can change bank account",
      "content_type": 23,
      "codename": "change_bankaccount"
    }
  },
  {
    "model": "auth.permission",
    "pk": 69,
    "fields": {
      "name": "Can delete bank account",
      "content_type": 23,
      "codename": "delete_bankaccount"
    }
  },
  {
    "model": "auth.permission",
    "pk": 70,
    "fields": {
      "name": "Can add score",
      "content_type": 24,
      "codename": "add_score"
    }
  },
  {
    "model": "auth.permission",
    "pk": 71,
    "fields": {
      "name": "Can change score",
      "content_type": 24,
      "codename": "change_score"
    }
  },
  {
    "model": "auth.permission",
    "pk": 72,
    "fields": {
      "name": "Can delete score",
      "content_type": 24,
      "codename": "delete_score"
    }
  },
  {
    "model": "auth.permission",
    "pk": 73,
    "fields": {
      "name": "Can add interest",
      "content_type": 25,
      "codename": "add_interest"
    }
  },
  {
    "model": "auth.permission",
    "pk": 74,
    "fields": {
      "name": "Can change interest",
      "content_type": 25,
      "codename": "change_interest"
    }
  },
  {
    "model": "auth.permission",
    "pk": 75,
    "fields": {
      "name": "Can delete interest",
      "content_type": 25,
      "codename": "delete_interest"
    }
  },
  {
    "model": "auth.permission",
    "pk": 79,
    "fields": {
      "name": "Can add daily claim",
      "content_type": 27,
      "codename": "add_dailyclaim"
    }
  },
  {
    "model": "auth.permission",
    "pk": 80,
    "fields": {
      "name": "Can change daily claim",
      "content_type": 27,
      "codename": "change_dailyclaim"
    }
  },
  {
    "model": "auth.permission",
    "pk": 81,
    "fields": {
      "name": "Can delete daily claim",
      "content_type": 27,
      "codename": "delete_dailyclaim"
    }
  },
  {
    "model": "auth.permission",
    "pk": 82,
    "fields": {
      "name": "Can add gallery",
      "content_type": 28,
      "codename": "add_gallery"
    }
  },
  {
    "model": "auth.permission",
    "pk": 83,
    "fields": {
      "name": "Can change gallery",
      "content_type": 28,
      "codename": "change_gallery"
    }
  },
  {
    "model": "auth.permission",
    "pk": 84,
    "fields": {
      "name": "Can delete gallery",
      "content_type": 28,
      "codename": "delete_gallery"
    }
  },
  {
    "model": "auth.permission",
    "pk": 85,
    "fields": {
      "name": "Can add message",
      "content_type": 29,
      "codename": "add_message"
    }
  },
  {
    "model": "auth.permission",
    "pk": 86,
    "fields": {
      "name": "Can change message",
      "content_type": 29,
      "codename": "change_message"
    }
  },
  {
    "model": "auth.permission",
    "pk": 87,
    "fields": {
      "name": "Can delete message",
      "content_type": 29,
      "codename": "delete_message"
    }
  },
  {
    "model": "auth.permission",
    "pk": 88,
    "fields": {
      "name": "Can add badge",
      "content_type": 30,
      "codename": "add_badge"
    }
  },
  {
    "model": "auth.permission",
    "pk": 89,
    "fields": {
      "name": "Can change badge",
      "content_type": 30,
      "codename": "change_badge"
    }
  },
  {
    "model": "auth.permission",
    "pk": 90,
    "fields": {
      "name": "Can delete badge",
      "content_type": 30,
      "codename": "delete_badge"
    }
  },
  {
    "model": "auth.permission",
    "pk": 91,
    "fields": {
      "name": "Can add medicine pickup",
      "content_type": 31,
      "codename": "add_medicinepickup"
    }
  },
  {
    "model": "auth.permission",
    "pk": 92,
    "fields": {
      "name": "Can change medicine pickup",
      "content_type": 31,
      "codename": "change_medicinepickup"
    }
  },
  {
    "model": "auth.permission",
    "pk": 93,
    "fields": {
      "name": "Can delete medicine pickup",
      "content_type": 31,
      "codename": "delete_medicinepickup"
    }
  },
  {
    "model": "auth.permission",
    "pk": 94,
    "fields": {
      "name": "Can add user shop",
      "content_type": 32,
      "codename": "add_usershop"
    }
  },
  {
    "model": "auth.permission",
    "pk": 95,
    "fields": {
      "name": "Can change user shop",
      "content_type": 32,
      "codename": "change_usershop"
    }
  },
  {
    "model": "auth.permission",
    "pk": 96,
    "fields": {
      "name": "Can delete user shop",
      "content_type": 32,
      "codename": "delete_usershop"
    }
  },
  {
    "model": "auth.permission",
    "pk": 97,
    "fields": {
      "name": "Can add board",
      "content_type": 33,
      "codename": "add_board"
    }
  },
  {
    "model": "auth.permission",
    "pk": 98,
    "fields": {
      "name": "Can change board",
      "content_type": 33,
      "codename": "change_board"
    }
  },
  {
    "model": "auth.permission",
    "pk": 99,
    "fields": {
      "name": "Can delete board",
      "content_type": 33,
      "codename": "delete_board"
    }
  },
  {
    "model": "auth.permission",
    "pk": 100,
    "fields": {
      "name": "Can add topic",
      "content_type": 34,
      "codename": "add_topic"
    }
  },
  {
    "model": "auth.permission",
    "pk": 101,
    "fields": {
      "name": "Can change topic",
      "content_type": 34,
      "codename": "change_topic"
    }
  },
  {
    "model": "auth.permission",
    "pk": 102,
    "fields": {
      "name": "Can delete topic",
      "content_type": 34,
      "codename": "delete_topic"
    }
  },
  {
    "model": "auth.permission",
    "pk": 103,
    "fields": {
      "name": "Can add reply",
      "content_type": 35,
      "codename": "add_reply"
    }
  },
  {
    "model": "auth.permission",
    "pk": 104,
    "fields": {
      "name": "Can change reply",
      "content_type": 35,
      "codename": "change_reply"
    }
  },
  {
    "model": "auth.permission",
    "pk": 105,
    "fields": {
      "name": "Can delete reply",
      "content_type": 35,
      "codename": "delete_reply"
    }
  },
  {
    "model": "auth.permission",
    "pk": 106,
    "fields": {
      "name": "Can add quest",
      "content_type": 36,
      "codename": "add_quest"
    }
  },
  {
    "model": "auth.permission",
    "pk": 107,
    "fields": {
      "name": "Can change quest",
      "content_type": 36,
      "codename": "change_quest"
    }
  },
  {
    "model": "auth.permission",
    "pk": 108,
    "fields": {
      "name": "Can delete quest",
      "content_type": 36,
      "codename": "delete_quest"
    }
  }
]